class,filename,day,note
clipper,T23.csv,1,PLACEHOLDER_ARBITRARY_DAY
clipper,T54.csv,2,PLACEHOLDER_ARBITRARY_DAY
clipper,T36.csv,3,PLACEHOLDER_ARBITRARY_DAY
clipper,T32.csv,4,PLACEHOLDER_ARBITRARY_DAY
clipper,T16.csv,5,PLACEHOLDER_ARBITRARY_DAY
clipper,T62.csv,6,PLACEHOLDER_ARBITRARY_DAY
clipper,T5.csv,7,PLACEHOLDER_ARBITRARY_DAY
clipper,T68.csv,8,PLACEHOLDER_ARBITRARY_DAY
clipper,T24.csv,9,PLACEHOLDER_ARBITRARY_DAY
clipper,T55.csv,10,PLACEHOLDER_ARBITRARY_DAY
clipper,T18.csv,1,PLACEHOLDER_ARBITRARY_DAY
clipper,T4.csv,2,PLACEHOLDER_ARBITRARY_DAY
clipper,T37.csv,3,PLACEHOLDER_ARBITRARY_DAY
clipper,T28.csv,4,PLACEHOLDER_ARBITRARY_DAY
clipper,T26.csv,5,PLACEHOLDER_ARBITRARY_DAY
clipper,T51.csv,6,PLACEHOLDER_ARBITRARY_DAY
clipper,T30.csv,7,PLACEHOLDER_ARBITRARY_DAY
clipper,T45.csv,8,PLACEHOLDER_ARBITRARY_DAY
clipper,T50.csv,9,PLACEHOLDER_ARBITRARY_DAY
clipper,T66.csv,10,PLACEHOLDER_ARBITRARY_DAY
clipper,T27.csv,1,PLACEHOLDER_ARBITRARY_DAY
clipper,T3.csv,2,PLACEHOLDER_ARBITRARY_DAY
clipper,T2.csv,3,PLACEHOLDER_ARBITRARY_DAY
clipper,T46.csv,4,PLACEHOLDER_ARBITRARY_DAY
clipper,T63.csv,5,PLACEHOLDER_ARBITRARY_DAY
clipper,T57.csv,6,PLACEHOLDER_ARBITRARY_DAY
clipper,T8.csv,7,PLACEHOLDER_ARBITRARY_DAY
clipper,T48.csv,8,PLACEHOLDER_ARBITRARY_DAY
clipper,T31.csv,9,PLACEHOLDER_ARBITRARY_DAY
clipper,T64.csv,10,PLACEHOLDER_ARBITRARY_DAY
clipper,T13.csv,1,PLACEHOLDER_ARBITRARY_DAY
clipper,T42.csv,2,PLACEHOLDER_ARBITRARY_DAY
clipper,T29.csv,3,PLACEHOLDER_ARBITRARY_DAY
clipper,T58.csv,4,PLACEHOLDER_ARBITRARY_DAY
clipper,T19.csv,5,PLACEHOLDER_ARBITRARY_DAY
clipper,T1.csv,6,PLACEHOLDER_ARBITRARY_DAY
clipper,T25.csv,7,PLACEHOLDER_ARBITRARY_DAY
clipper,T59.csv,8,PLACEHOLDER_ARBITRARY_DAY
clipper,T67.csv,9,PLACEHOLDER_ARBITRARY_DAY
clipper,T53.csv,10,PLACEHOLDER_ARBITRARY_DAY
clipper,T33.csv,1,PLACEHOLDER_ARBITRARY_DAY
clipper,T60.csv,2,PLACEHOLDER_ARBITRARY_DAY
clipper,T47.csv,3,PLACEHOLDER_ARBITRARY_DAY
clipper,T20.csv,4,PLACEHOLDER_ARBITRARY_DAY
clipper,T7.csv,5,PLACEHOLDER_ARBITRARY_DAY
clipper,T56.csv,6,PLACEHOLDER_ARBITRARY_DAY
clipper,T44.csv,7,PLACEHOLDER_ARBITRARY_DAY
clipper,T39.csv,8,PLACEHOLDER_ARBITRARY_DAY
clipper,T9.csv,9,PLACEHOLDER_ARBITRARY_DAY
clipper,T21.csv,10,PLACEHOLDER_ARBITRARY_DAY
clipper,T6.csv,1,PLACEHOLDER_ARBITRARY_DAY
clipper,T10.csv,2,PLACEHOLDER_ARBITRARY_DAY
clipper,T11.csv,3,PLACEHOLDER_ARBITRARY_DAY
clipper,T34.csv,4,PLACEHOLDER_ARBITRARY_DAY
clipper,T43.csv,5,PLACEHOLDER_ARBITRARY_DAY
clipper,T14.csv,6,PLACEHOLDER_ARBITRARY_DAY
clipper,T40.csv,7,PLACEHOLDER_ARBITRARY_DAY
clipper,T61.csv,8,PLACEHOLDER_ARBITRARY_DAY
clipper,T65.csv,9,PLACEHOLDER_ARBITRARY_DAY
clipper,T49.csv,10,PLACEHOLDER_ARBITRARY_DAY
clipper,T15.csv,1,PLACEHOLDER_ARBITRARY_DAY
clipper,T52.csv,2,PLACEHOLDER_ARBITRARY_DAY
clipper,T17.csv,3,PLACEHOLDER_ARBITRARY_DAY
clipper,T35.csv,4,PLACEHOLDER_ARBITRARY_DAY
clipper,T38.csv,5,PLACEHOLDER_ARBITRARY_DAY
clipper,T41.csv,6,PLACEHOLDER_ARBITRARY_DAY
clipper,T12.csv,7,PLACEHOLDER_ARBITRARY_DAY
clipper,T22.csv,8,PLACEHOLDER_ARBITRARY_DAY
earbud,T100.csv,1,PLACEHOLDER_ARBITRARY_DAY
earbud,T40.csv,2,PLACEHOLDER_ARBITRARY_DAY
earbud,T11.csv,3,PLACEHOLDER_ARBITRARY_DAY
earbud,T39.csv,4,PLACEHOLDER_ARBITRARY_DAY
earbud,T87.csv,5,PLACEHOLDER_ARBITRARY_DAY
earbud,T15.csv,6,PLACEHOLDER_ARBITRARY_DAY
earbud,T119.csv,7,PLACEHOLDER_ARBITRARY_DAY
earbud,T46.csv,8,PLACEHOLDER_ARBITRARY_DAY
earbud,T49.csv,9,PLACEHOLDER_ARBITRARY_DAY
earbud,T110.csv,10,PLACEHOLDER_ARBITRARY_DAY
earbud,T10.csv,1,PLACEHOLDER_ARBITRARY_DAY
earbud,T112.csv,2,PLACEHOLDER_ARBITRARY_DAY
earbud,T18.csv,3,PLACEHOLDER_ARBITRARY_DAY
earbud,T30.csv,4,PLACEHOLDER_ARBITRARY_DAY
earbud,T99.csv,5,PLACEHOLDER_ARBITRARY_DAY
earbud,T22.csv,6,PLACEHOLDER_ARBITRARY_DAY
earbud,T12.csv,7,PLACEHOLDER_ARBITRARY_DAY
earbud,T20.csv,8,PLACEHOLDER_ARBITRARY_DAY
earbud,T103.csv,9,PLACEHOLDER_ARBITRARY_DAY
earbud,T83.csv,10,PLACEHOLDER_ARBITRARY_DAY
earbud,T33.csv,1,PLACEHOLDER_ARBITRARY_DAY
earbud,T50.csv,2,PLACEHOLDER_ARBITRARY_DAY
earbud,T43.csv,3,PLACEHOLDER_ARBITRARY_DAY
earbud,T126.csv,4,PLACEHOLDER_ARBITRARY_DAY
earbud,T9.csv,5,PLACEHOLDER_ARBITRARY_DAY
earbud,T84.csv,6,PLACEHOLDER_ARBITRARY_DAY
earbud,T78.csv,7,PLACEHOLDER_ARBITRARY_DAY
earbud,T16.csv,8,PLACEHOLDER_ARBITRARY_DAY
earbud,T101.csv,9,PLACEHOLDER_ARBITRARY_DAY
earbud,T27.csv,10,PLACEHOLDER_ARBITRARY_DAY
earbud,T98.csv,1,PLACEHOLDER_ARBITRARY_DAY
earbud,T42.csv,2,PLACEHOLDER_ARBITRARY_DAY
earbud,T128.csv,3,PLACEHOLDER_ARBITRARY_DAY
earbud,T37.csv,4,PLACEHOLDER_ARBITRARY_DAY
earbud,T76.csv,5,PLACEHOLDER_ARBITRARY_DAY
earbud,T3.csv,6,PLACEHOLDER_ARBITRARY_DAY
earbud,T38.csv,7,PLACEHOLDER_ARBITRARY_DAY
earbud,T74.csv,8,PLACEHOLDER_ARBITRARY_DAY
earbud,T55.csv,9,PLACEHOLDER_ARBITRARY_DAY
earbud,T90.csv,10,PLACEHOLDER_ARBITRARY_DAY
earbud,T81.csv,1,PLACEHOLDER_ARBITRARY_DAY
earbud,T7.csv,2,PLACEHOLDER_ARBITRARY_DAY
earbud,T45.csv,3,PLACEHOLDER_ARBITRARY_DAY
earbud,T64.csv,4,PLACEHOLDER_ARBITRARY_DAY
earbud,T91.csv,5,PLACEHOLDER_ARBITRARY_DAY
earbud,T69.csv,6,PLACEHOLDER_ARBITRARY_DAY
earbud,T51.csv,7,PLACEHOLDER_ARBITRARY_DAY
earbud,T77.csv,8,PLACEHOLDER_ARBITRARY_DAY
earbud,T1.csv,9,PLACEHOLDER_ARBITRARY_DAY
earbud,T97.csv,10,PLACEHOLDER_ARBITRARY_DAY
earbud,T113.csv,1,PLACEHOLDER_ARBITRARY_DAY
earbud,T5.csv,2,PLACEHOLDER_ARBITRARY_DAY
earbud,T68.csv,3,PLACEHOLDER_ARBITRARY_DAY
earbud,T34.csv,4,PLACEHOLDER_ARBITRARY_DAY
earbud,T32.csv,5,PLACEHOLDER_ARBITRARY_DAY
earbud,T120.csv,6,PLACEHOLDER_ARBITRARY_DAY
earbud,T8.csv,7,PLACEHOLDER_ARBITRARY_DAY
earbud,T17.csv,8,PLACEHOLDER_ARBITRARY_DAY
earbud,T89.csv,9,PLACEHOLDER_ARBITRARY_DAY
earbud,T21.csv,10,PLACEHOLDER_ARBITRARY_DAY
earbud,T85.csv,1,PLACEHOLDER_ARBITRARY_DAY
earbud,T108.csv,2,PLACEHOLDER_ARBITRARY_DAY
earbud,T60.csv,3,PLACEHOLDER_ARBITRARY_DAY
earbud,T116.csv,4,PLACEHOLDER_ARBITRARY_DAY
earbud,T111.csv,5,PLACEHOLDER_ARBITRARY_DAY
earbud,T104.csv,6,PLACEHOLDER_ARBITRARY_DAY
earbud,T109.csv,7,PLACEHOLDER_ARBITRARY_DAY
earbud,T59.csv,8,PLACEHOLDER_ARBITRARY_DAY
earbud,T41.csv,9,PLACEHOLDER_ARBITRARY_DAY
earbud,T53.csv,10,PLACEHOLDER_ARBITRARY_DAY
earbud,T71.csv,1,PLACEHOLDER_ARBITRARY_DAY
earbud,T93.csv,2,PLACEHOLDER_ARBITRARY_DAY
earbud,T65.csv,3,PLACEHOLDER_ARBITRARY_DAY
earbud,T31.csv,4,PLACEHOLDER_ARBITRARY_DAY
earbud,T54.csv,5,PLACEHOLDER_ARBITRARY_DAY
earbud,T80.csv,6,PLACEHOLDER_ARBITRARY_DAY
earbud,T72.csv,7,PLACEHOLDER_ARBITRARY_DAY
earbud,T94.csv,8,PLACEHOLDER_ARBITRARY_DAY
earbud,T114.csv,9,PLACEHOLDER_ARBITRARY_DAY
earbud,T129.csv,10,PLACEHOLDER_ARBITRARY_DAY
earbud,T115.csv,1,PLACEHOLDER_ARBITRARY_DAY
earbud,T96.csv,2,PLACEHOLDER_ARBITRARY_DAY
earbud,T28.csv,3,PLACEHOLDER_ARBITRARY_DAY
earbud,T4.csv,4,PLACEHOLDER_ARBITRARY_DAY
earbud,T58.csv,5,PLACEHOLDER_ARBITRARY_DAY
earbud,T73.csv,6,PLACEHOLDER_ARBITRARY_DAY
earbud,T66.csv,7,PLACEHOLDER_ARBITRARY_DAY
earbud,T48.csv,8,PLACEHOLDER_ARBITRARY_DAY
earbud,T123.csv,9,PLACEHOLDER_ARBITRARY_DAY
earbud,T106.csv,10,PLACEHOLDER_ARBITRARY_DAY
earbud,T75.csv,1,PLACEHOLDER_ARBITRARY_DAY
earbud,T29.csv,2,PLACEHOLDER_ARBITRARY_DAY
earbud,T19.csv,3,PLACEHOLDER_ARBITRARY_DAY
earbud,T102.csv,4,PLACEHOLDER_ARBITRARY_DAY
earbud,T125.csv,5,PLACEHOLDER_ARBITRARY_DAY
earbud,T105.csv,6,PLACEHOLDER_ARBITRARY_DAY
earbud,T2.csv,7,PLACEHOLDER_ARBITRARY_DAY
earbud,T86.csv,8,PLACEHOLDER_ARBITRARY_DAY
earbud,T124.csv,9,PLACEHOLDER_ARBITRARY_DAY
earbud,T47.csv,10,PLACEHOLDER_ARBITRARY_DAY
earbud,T62.csv,1,PLACEHOLDER_ARBITRARY_DAY
earbud,T82.csv,2,PLACEHOLDER_ARBITRARY_DAY
earbud,T88.csv,3,PLACEHOLDER_ARBITRARY_DAY
earbud,T26.csv,4,PLACEHOLDER_ARBITRARY_DAY
earbud,T36.csv,5,PLACEHOLDER_ARBITRARY_DAY
earbud,T92.csv,6,PLACEHOLDER_ARBITRARY_DAY
earbud,T127.csv,7,PLACEHOLDER_ARBITRARY_DAY
earbud,T67.csv,8,PLACEHOLDER_ARBITRARY_DAY
earbud,T44.csv,9,PLACEHOLDER_ARBITRARY_DAY
earbud,T118.csv,10,PLACEHOLDER_ARBITRARY_DAY
earbud,T95.csv,1,PLACEHOLDER_ARBITRARY_DAY
earbud,T52.csv,2,PLACEHOLDER_ARBITRARY_DAY
earbud,T107.csv,3,PLACEHOLDER_ARBITRARY_DAY
earbud,T57.csv,4,PLACEHOLDER_ARBITRARY_DAY
earbud,T61.csv,5,PLACEHOLDER_ARBITRARY_DAY
earbud,T63.csv,6,PLACEHOLDER_ARBITRARY_DAY
earbud,T13.csv,7,PLACEHOLDER_ARBITRARY_DAY
earbud,T6.csv,8,PLACEHOLDER_ARBITRARY_DAY
earbud,T122.csv,9,PLACEHOLDER_ARBITRARY_DAY
earbud,T23.csv,10,PLACEHOLDER_ARBITRARY_DAY
earbud,T25.csv,1,PLACEHOLDER_ARBITRARY_DAY
earbud,T117.csv,2,PLACEHOLDER_ARBITRARY_DAY
earbud,T24.csv,3,PLACEHOLDER_ARBITRARY_DAY
earbud,T79.csv,4,PLACEHOLDER_ARBITRARY_DAY
earbud,T56.csv,5,PLACEHOLDER_ARBITRARY_DAY
earbud,T35.csv,6,PLACEHOLDER_ARBITRARY_DAY
earbud,T14.csv,7,PLACEHOLDER_ARBITRARY_DAY
earbud,T70.csv,8,PLACEHOLDER_ARBITRARY_DAY
earbud,T121.csv,9,PLACEHOLDER_ARBITRARY_DAY
eraser,T111.csv,1,PLACEHOLDER_ARBITRARY_DAY
eraser,T69.csv,2,PLACEHOLDER_ARBITRARY_DAY
eraser,T27.csv,3,PLACEHOLDER_ARBITRARY_DAY
eraser,T117.csv,4,PLACEHOLDER_ARBITRARY_DAY
eraser,T68.csv,5,PLACEHOLDER_ARBITRARY_DAY
eraser,T49.csv,6,PLACEHOLDER_ARBITRARY_DAY
eraser,T109.csv,7,PLACEHOLDER_ARBITRARY_DAY
eraser,T129.csv,8,PLACEHOLDER_ARBITRARY_DAY
eraser,T139.csv,9,PLACEHOLDER_ARBITRARY_DAY
eraser,T24.csv,10,PLACEHOLDER_ARBITRARY_DAY
eraser,T133.csv,1,PLACEHOLDER_ARBITRARY_DAY
eraser,T132.csv,2,PLACEHOLDER_ARBITRARY_DAY
eraser,T131.csv,3,PLACEHOLDER_ARBITRARY_DAY
eraser,T118.csv,4,PLACEHOLDER_ARBITRARY_DAY
eraser,T43.csv,5,PLACEHOLDER_ARBITRARY_DAY
eraser,T71.csv,6,PLACEHOLDER_ARBITRARY_DAY
eraser,T33.csv,7,PLACEHOLDER_ARBITRARY_DAY
eraser,T116.csv,8,PLACEHOLDER_ARBITRARY_DAY
eraser,T119.csv,9,PLACEHOLDER_ARBITRARY_DAY
eraser,T8.csv,10,PLACEHOLDER_ARBITRARY_DAY
eraser,T144.csv,1,PLACEHOLDER_ARBITRARY_DAY
eraser,T134.csv,2,PLACEHOLDER_ARBITRARY_DAY
eraser,T34.csv,3,PLACEHOLDER_ARBITRARY_DAY
eraser,T4.csv,4,PLACEHOLDER_ARBITRARY_DAY
eraser,T98.csv,5,PLACEHOLDER_ARBITRARY_DAY
eraser,T48.csv,6,PLACEHOLDER_ARBITRARY_DAY
eraser,T53.csv,7,PLACEHOLDER_ARBITRARY_DAY
eraser,T75.csv,8,PLACEHOLDER_ARBITRARY_DAY
eraser,T10.csv,9,PLACEHOLDER_ARBITRARY_DAY
eraser,T140.csv,10,PLACEHOLDER_ARBITRARY_DAY
eraser,T6.csv,1,PLACEHOLDER_ARBITRARY_DAY
eraser,T96.csv,2,PLACEHOLDER_ARBITRARY_DAY
eraser,T141.csv,3,PLACEHOLDER_ARBITRARY_DAY
eraser,T143.csv,4,PLACEHOLDER_ARBITRARY_DAY
eraser,T135.csv,5,PLACEHOLDER_ARBITRARY_DAY
eraser,T26.csv,6,PLACEHOLDER_ARBITRARY_DAY
eraser,T65.csv,7,PLACEHOLDER_ARBITRARY_DAY
eraser,T89.csv,8,PLACEHOLDER_ARBITRARY_DAY
eraser,T56.csv,9,PLACEHOLDER_ARBITRARY_DAY
eraser,T60.csv,10,PLACEHOLDER_ARBITRARY_DAY
eraser,T115.csv,1,PLACEHOLDER_ARBITRARY_DAY
eraser,T7.csv,2,PLACEHOLDER_ARBITRARY_DAY
eraser,T59.csv,3,PLACEHOLDER_ARBITRARY_DAY
eraser,T47.csv,4,PLACEHOLDER_ARBITRARY_DAY
eraser,T21.csv,5,PLACEHOLDER_ARBITRARY_DAY
eraser,T36.csv,6,PLACEHOLDER_ARBITRARY_DAY
eraser,T93.csv,7,PLACEHOLDER_ARBITRARY_DAY
eraser,T88.csv,8,PLACEHOLDER_ARBITRARY_DAY
eraser,T121.csv,9,PLACEHOLDER_ARBITRARY_DAY
eraser,T39.csv,10,PLACEHOLDER_ARBITRARY_DAY
eraser,T64.csv,1,PLACEHOLDER_ARBITRARY_DAY
eraser,T29.csv,2,PLACEHOLDER_ARBITRARY_DAY
eraser,T122.csv,3,PLACEHOLDER_ARBITRARY_DAY
eraser,T108.csv,4,PLACEHOLDER_ARBITRARY_DAY
eraser,T112.csv,5,PLACEHOLDER_ARBITRARY_DAY
eraser,T78.csv,6,PLACEHOLDER_ARBITRARY_DAY
eraser,T142.csv,7,PLACEHOLDER_ARBITRARY_DAY
eraser,T103.csv,8,PLACEHOLDER_ARBITRARY_DAY
eraser,T74.csv,9,PLACEHOLDER_ARBITRARY_DAY
eraser,T17.csv,10,PLACEHOLDER_ARBITRARY_DAY
eraser,T13.csv,1,PLACEHOLDER_ARBITRARY_DAY
eraser,T136.csv,2,PLACEHOLDER_ARBITRARY_DAY
eraser,T101.csv,3,PLACEHOLDER_ARBITRARY_DAY
eraser,T42.csv,4,PLACEHOLDER_ARBITRARY_DAY
eraser,T2.csv,5,PLACEHOLDER_ARBITRARY_DAY
eraser,T66.csv,6,PLACEHOLDER_ARBITRARY_DAY
eraser,T38.csv,7,PLACEHOLDER_ARBITRARY_DAY
eraser,T44.csv,8,PLACEHOLDER_ARBITRARY_DAY
eraser,T63.csv,9,PLACEHOLDER_ARBITRARY_DAY
eraser,T12.csv,10,PLACEHOLDER_ARBITRARY_DAY
eraser,T62.csv,1,PLACEHOLDER_ARBITRARY_DAY
eraser,T99.csv,2,PLACEHOLDER_ARBITRARY_DAY
eraser,T20.csv,3,PLACEHOLDER_ARBITRARY_DAY
eraser,T30.csv,4,PLACEHOLDER_ARBITRARY_DAY
eraser,T76.csv,5,PLACEHOLDER_ARBITRARY_DAY
eraser,T51.csv,6,PLACEHOLDER_ARBITRARY_DAY
eraser,T54.csv,7,PLACEHOLDER_ARBITRARY_DAY
eraser,T110.csv,8,PLACEHOLDER_ARBITRARY_DAY
eraser,T80.csv,9,PLACEHOLDER_ARBITRARY_DAY
eraser,T9.csv,10,PLACEHOLDER_ARBITRARY_DAY
eraser,T86.csv,1,PLACEHOLDER_ARBITRARY_DAY
eraser,T5.csv,2,PLACEHOLDER_ARBITRARY_DAY
eraser,T104.csv,3,PLACEHOLDER_ARBITRARY_DAY
eraser,T22.csv,4,PLACEHOLDER_ARBITRARY_DAY
eraser,T58.csv,5,PLACEHOLDER_ARBITRARY_DAY
eraser,T90.csv,6,PLACEHOLDER_ARBITRARY_DAY
eraser,T14.csv,7,PLACEHOLDER_ARBITRARY_DAY
eraser,T19.csv,8,PLACEHOLDER_ARBITRARY_DAY
eraser,T45.csv,9,PLACEHOLDER_ARBITRARY_DAY
eraser,T72.csv,10,PLACEHOLDER_ARBITRARY_DAY
eraser,T11.csv,1,PLACEHOLDER_ARBITRARY_DAY
eraser,T120.csv,2,PLACEHOLDER_ARBITRARY_DAY
eraser,T16.csv,3,PLACEHOLDER_ARBITRARY_DAY
eraser,T87.csv,4,PLACEHOLDER_ARBITRARY_DAY
eraser,T83.csv,5,PLACEHOLDER_ARBITRARY_DAY
eraser,T23.csv,6,PLACEHOLDER_ARBITRARY_DAY
eraser,T57.csv,7,PLACEHOLDER_ARBITRARY_DAY
eraser,T35.csv,8,PLACEHOLDER_ARBITRARY_DAY
eraser,T52.csv,9,PLACEHOLDER_ARBITRARY_DAY
eraser,T113.csv,10,PLACEHOLDER_ARBITRARY_DAY
eraser,T31.csv,1,PLACEHOLDER_ARBITRARY_DAY
eraser,T123.csv,2,PLACEHOLDER_ARBITRARY_DAY
eraser,T25.csv,3,PLACEHOLDER_ARBITRARY_DAY
eraser,T46.csv,4,PLACEHOLDER_ARBITRARY_DAY
eraser,T130.csv,5,PLACEHOLDER_ARBITRARY_DAY
eraser,T84.csv,6,PLACEHOLDER_ARBITRARY_DAY
eraser,T28.csv,7,PLACEHOLDER_ARBITRARY_DAY
eraser,T85.csv,8,PLACEHOLDER_ARBITRARY_DAY
eraser,T94.csv,9,PLACEHOLDER_ARBITRARY_DAY
eraser,T102.csv,10,PLACEHOLDER_ARBITRARY_DAY
eraser,T81.csv,1,PLACEHOLDER_ARBITRARY_DAY
eraser,T77.csv,2,PLACEHOLDER_ARBITRARY_DAY
eraser,T105.csv,3,PLACEHOLDER_ARBITRARY_DAY
eraser,T41.csv,4,PLACEHOLDER_ARBITRARY_DAY
eraser,T50.csv,5,PLACEHOLDER_ARBITRARY_DAY
eraser,T107.csv,6,PLACEHOLDER_ARBITRARY_DAY
eraser,T1.csv,7,PLACEHOLDER_ARBITRARY_DAY
eraser,T82.csv,8,PLACEHOLDER_ARBITRARY_DAY
eraser,T95.csv,9,PLACEHOLDER_ARBITRARY_DAY
eraser,T125.csv,10,PLACEHOLDER_ARBITRARY_DAY
eraser,T32.csv,1,PLACEHOLDER_ARBITRARY_DAY
eraser,T37.csv,2,PLACEHOLDER_ARBITRARY_DAY
eraser,T100.csv,3,PLACEHOLDER_ARBITRARY_DAY
eraser,T138.csv,4,PLACEHOLDER_ARBITRARY_DAY
eraser,T106.csv,5,PLACEHOLDER_ARBITRARY_DAY
eraser,T124.csv,6,PLACEHOLDER_ARBITRARY_DAY
eraser,T127.csv,7,PLACEHOLDER_ARBITRARY_DAY
eraser,T126.csv,8,PLACEHOLDER_ARBITRARY_DAY
eraser,T73.csv,9,PLACEHOLDER_ARBITRARY_DAY
eraser,T70.csv,10,PLACEHOLDER_ARBITRARY_DAY
eraser,T55.csv,1,PLACEHOLDER_ARBITRARY_DAY
eraser,T61.csv,2,PLACEHOLDER_ARBITRARY_DAY
eraser,T40.csv,3,PLACEHOLDER_ARBITRARY_DAY
eraser,T15.csv,4,PLACEHOLDER_ARBITRARY_DAY
eraser,T18.csv,5,PLACEHOLDER_ARBITRARY_DAY
eraser,T67.csv,6,PLACEHOLDER_ARBITRARY_DAY
eraser,T91.csv,7,PLACEHOLDER_ARBITRARY_DAY
eraser,T3.csv,8,PLACEHOLDER_ARBITRARY_DAY
eraser,T137.csv,9,PLACEHOLDER_ARBITRARY_DAY
eraser,T79.csv,10,PLACEHOLDER_ARBITRARY_DAY
eraser,T97.csv,1,PLACEHOLDER_ARBITRARY_DAY
eraser,T128.csv,2,PLACEHOLDER_ARBITRARY_DAY
eraser,T92.csv,3,PLACEHOLDER_ARBITRARY_DAY
eraser,T114.csv,4,PLACEHOLDER_ARBITRARY_DAY
finger,T115.csv,1,PLACEHOLDER_ARBITRARY_DAY
finger,T65.csv,2,PLACEHOLDER_ARBITRARY_DAY
finger,T91.csv,3,PLACEHOLDER_ARBITRARY_DAY
finger,T24.csv,4,PLACEHOLDER_ARBITRARY_DAY
finger,T68.csv,5,PLACEHOLDER_ARBITRARY_DAY
finger,T82.csv,6,PLACEHOLDER_ARBITRARY_DAY
finger,T92.csv,7,PLACEHOLDER_ARBITRARY_DAY
finger,T112.csv,8,PLACEHOLDER_ARBITRARY_DAY
finger,T98.csv,9,PLACEHOLDER_ARBITRARY_DAY
finger,T120.csv,10,PLACEHOLDER_ARBITRARY_DAY
finger,T96.csv,1,PLACEHOLDER_ARBITRARY_DAY
finger,T46.csv,2,PLACEHOLDER_ARBITRARY_DAY
finger,T49.csv,3,PLACEHOLDER_ARBITRARY_DAY
finger,T74.csv,4,PLACEHOLDER_ARBITRARY_DAY
finger,T30.csv,5,PLACEHOLDER_ARBITRARY_DAY
finger,T121.csv,6,PLACEHOLDER_ARBITRARY_DAY
finger,T119.csv,7,PLACEHOLDER_ARBITRARY_DAY
finger,T103.csv,8,PLACEHOLDER_ARBITRARY_DAY
finger,T58.csv,9,PLACEHOLDER_ARBITRARY_DAY
finger,T88.csv,10,PLACEHOLDER_ARBITRARY_DAY
finger,T7.csv,1,PLACEHOLDER_ARBITRARY_DAY
finger,T59.csv,2,PLACEHOLDER_ARBITRARY_DAY
finger,T44.csv,3,PLACEHOLDER_ARBITRARY_DAY
finger,T15.csv,4,PLACEHOLDER_ARBITRARY_DAY
finger,T101.csv,5,PLACEHOLDER_ARBITRARY_DAY
finger,T55.csv,6,PLACEHOLDER_ARBITRARY_DAY
finger,T40.csv,7,PLACEHOLDER_ARBITRARY_DAY
finger,T85.csv,8,PLACEHOLDER_ARBITRARY_DAY
finger,T48.csv,9,PLACEHOLDER_ARBITRARY_DAY
finger,T80.csv,10,PLACEHOLDER_ARBITRARY_DAY
finger,T35.csv,1,PLACEHOLDER_ARBITRARY_DAY
finger,T27.csv,2,PLACEHOLDER_ARBITRARY_DAY
finger,T39.csv,3,PLACEHOLDER_ARBITRARY_DAY
finger,T57.csv,4,PLACEHOLDER_ARBITRARY_DAY
finger,T26.csv,5,PLACEHOLDER_ARBITRARY_DAY
finger,T70.csv,6,PLACEHOLDER_ARBITRARY_DAY
finger,T32.csv,7,PLACEHOLDER_ARBITRARY_DAY
finger,T53.csv,8,PLACEHOLDER_ARBITRARY_DAY
finger,T36.csv,9,PLACEHOLDER_ARBITRARY_DAY
finger,T22.csv,10,PLACEHOLDER_ARBITRARY_DAY
finger,T12.csv,1,PLACEHOLDER_ARBITRARY_DAY
finger,T43.csv,2,PLACEHOLDER_ARBITRARY_DAY
finger,T56.csv,3,PLACEHOLDER_ARBITRARY_DAY
finger,T81.csv,4,PLACEHOLDER_ARBITRARY_DAY
finger,T102.csv,5,PLACEHOLDER_ARBITRARY_DAY
finger,T105.csv,6,PLACEHOLDER_ARBITRARY_DAY
finger,T42.csv,7,PLACEHOLDER_ARBITRARY_DAY
finger,T94.csv,8,PLACEHOLDER_ARBITRARY_DAY
finger,T8.csv,9,PLACEHOLDER_ARBITRARY_DAY
finger,T3.csv,10,PLACEHOLDER_ARBITRARY_DAY
finger,T20.csv,1,PLACEHOLDER_ARBITRARY_DAY
finger,T14.csv,2,PLACEHOLDER_ARBITRARY_DAY
finger,T73.csv,3,PLACEHOLDER_ARBITRARY_DAY
finger,T108.csv,4,PLACEHOLDER_ARBITRARY_DAY
finger,T77.csv,5,PLACEHOLDER_ARBITRARY_DAY
finger,T89.csv,6,PLACEHOLDER_ARBITRARY_DAY
finger,T75.csv,7,PLACEHOLDER_ARBITRARY_DAY
finger,T33.csv,8,PLACEHOLDER_ARBITRARY_DAY
finger,T118.csv,9,PLACEHOLDER_ARBITRARY_DAY
finger,T1.csv,10,PLACEHOLDER_ARBITRARY_DAY
finger,T100.csv,1,PLACEHOLDER_ARBITRARY_DAY
finger,T61.csv,2,PLACEHOLDER_ARBITRARY_DAY
finger,T37.csv,3,PLACEHOLDER_ARBITRARY_DAY
finger,T38.csv,4,PLACEHOLDER_ARBITRARY_DAY
finger,T109.csv,5,PLACEHOLDER_ARBITRARY_DAY
finger,T104.csv,6,PLACEHOLDER_ARBITRARY_DAY
finger,T18.csv,7,PLACEHOLDER_ARBITRARY_DAY
finger,T45.csv,8,PLACEHOLDER_ARBITRARY_DAY
finger,T79.csv,9,PLACEHOLDER_ARBITRARY_DAY
finger,T84.csv,10,PLACEHOLDER_ARBITRARY_DAY
finger,T83.csv,1,PLACEHOLDER_ARBITRARY_DAY
finger,T28.csv,2,PLACEHOLDER_ARBITRARY_DAY
finger,T122.csv,3,PLACEHOLDER_ARBITRARY_DAY
finger,T72.csv,4,PLACEHOLDER_ARBITRARY_DAY
finger,T2.csv,5,PLACEHOLDER_ARBITRARY_DAY
finger,T116.csv,6,PLACEHOLDER_ARBITRARY_DAY
finger,T67.csv,7,PLACEHOLDER_ARBITRARY_DAY
finger,T62.csv,8,PLACEHOLDER_ARBITRARY_DAY
finger,T111.csv,9,PLACEHOLDER_ARBITRARY_DAY
finger,T78.csv,10,PLACEHOLDER_ARBITRARY_DAY
finger,T114.csv,1,PLACEHOLDER_ARBITRARY_DAY
finger,T110.csv,2,PLACEHOLDER_ARBITRARY_DAY
finger,T69.csv,3,PLACEHOLDER_ARBITRARY_DAY
finger,T52.csv,4,PLACEHOLDER_ARBITRARY_DAY
finger,T86.csv,5,PLACEHOLDER_ARBITRARY_DAY
finger,T5.csv,6,PLACEHOLDER_ARBITRARY_DAY
finger,T64.csv,7,PLACEHOLDER_ARBITRARY_DAY
finger,T6.csv,8,PLACEHOLDER_ARBITRARY_DAY
finger,T90.csv,9,PLACEHOLDER_ARBITRARY_DAY
finger,T51.csv,10,PLACEHOLDER_ARBITRARY_DAY
finger,T4.csv,1,PLACEHOLDER_ARBITRARY_DAY
finger,T117.csv,2,PLACEHOLDER_ARBITRARY_DAY
finger,T21.csv,3,PLACEHOLDER_ARBITRARY_DAY
finger,T31.csv,4,PLACEHOLDER_ARBITRARY_DAY
finger,T17.csv,5,PLACEHOLDER_ARBITRARY_DAY
finger,T106.csv,6,PLACEHOLDER_ARBITRARY_DAY
finger,T29.csv,7,PLACEHOLDER_ARBITRARY_DAY
finger,T93.csv,8,PLACEHOLDER_ARBITRARY_DAY
finger,T95.csv,9,PLACEHOLDER_ARBITRARY_DAY
finger,T47.csv,10,PLACEHOLDER_ARBITRARY_DAY
finger,T13.csv,1,PLACEHOLDER_ARBITRARY_DAY
finger,T50.csv,2,PLACEHOLDER_ARBITRARY_DAY
finger,T87.csv,3,PLACEHOLDER_ARBITRARY_DAY
finger,T11.csv,4,PLACEHOLDER_ARBITRARY_DAY
finger,T54.csv,5,PLACEHOLDER_ARBITRARY_DAY
finger,T60.csv,6,PLACEHOLDER_ARBITRARY_DAY
finger,T9.csv,7,PLACEHOLDER_ARBITRARY_DAY
finger,T10.csv,8,PLACEHOLDER_ARBITRARY_DAY
finger,T107.csv,9,PLACEHOLDER_ARBITRARY_DAY
finger,T76.csv,10,PLACEHOLDER_ARBITRARY_DAY
finger,T97.csv,1,PLACEHOLDER_ARBITRARY_DAY
finger,T41.csv,2,PLACEHOLDER_ARBITRARY_DAY
finger,T23.csv,3,PLACEHOLDER_ARBITRARY_DAY
finger,T63.csv,4,PLACEHOLDER_ARBITRARY_DAY
finger,T99.csv,5,PLACEHOLDER_ARBITRARY_DAY
finger,T113.csv,6,PLACEHOLDER_ARBITRARY_DAY
finger,T34.csv,7,PLACEHOLDER_ARBITRARY_DAY
finger,T19.csv,8,PLACEHOLDER_ARBITRARY_DAY
finger,T16.csv,9,PLACEHOLDER_ARBITRARY_DAY
finger,T25.csv,10,PLACEHOLDER_ARBITRARY_DAY
finger,T71.csv,1,PLACEHOLDER_ARBITRARY_DAY
finger,T66.csv,2,PLACEHOLDER_ARBITRARY_DAY
hotpeltier,T51.csv,1,PLACEHOLDER_ARBITRARY_DAY
hotpeltier,T18.csv,2,PLACEHOLDER_ARBITRARY_DAY
hotpeltier,T72.csv,3,PLACEHOLDER_ARBITRARY_DAY
hotpeltier,T24.csv,4,PLACEHOLDER_ARBITRARY_DAY
hotpeltier,T30.csv,5,PLACEHOLDER_ARBITRARY_DAY
hotpeltier,T65.csv,6,PLACEHOLDER_ARBITRARY_DAY
hotpeltier,T28.csv,7,PLACEHOLDER_ARBITRARY_DAY
hotpeltier,T93.csv,8,PLACEHOLDER_ARBITRARY_DAY
hotpeltier,T75.csv,9,PLACEHOLDER_ARBITRARY_DAY
hotpeltier,T10.csv,10,PLACEHOLDER_ARBITRARY_DAY
hotpeltier,T114.csv,1,PLACEHOLDER_ARBITRARY_DAY
hotpeltier,T90.csv,2,PLACEHOLDER_ARBITRARY_DAY
hotpeltier,T20.csv,3,PLACEHOLDER_ARBITRARY_DAY
hotpeltier,T91.csv,4,PLACEHOLDER_ARBITRARY_DAY
hotpeltier,T78.csv,5,PLACEHOLDER_ARBITRARY_DAY
hotpeltier,T107.csv,6,PLACEHOLDER_ARBITRARY_DAY
hotpeltier,T100.csv,7,PLACEHOLDER_ARBITRARY_DAY
hotpeltier,T57.csv,8,PLACEHOLDER_ARBITRARY_DAY
hotpeltier,T112.csv,9,PLACEHOLDER_ARBITRARY_DAY
hotpeltier,T113.csv,10,PLACEHOLDER_ARBITRARY_DAY
hotpeltier,T104.csv,1,PLACEHOLDER_ARBITRARY_DAY
hotpeltier,T47.csv,2,PLACEHOLDER_ARBITRARY_DAY
hotpeltier,T14.csv,3,PLACEHOLDER_ARBITRARY_DAY
hotpeltier,T5.csv,4,PLACEHOLDER_ARBITRARY_DAY
hotpeltier,T61.csv,5,PLACEHOLDER_ARBITRARY_DAY
hotpeltier,T108.csv,6,PLACEHOLDER_ARBITRARY_DAY
hotpeltier,T36.csv,7,PLACEHOLDER_ARBITRARY_DAY
hotpeltier,T70.csv,8,PLACEHOLDER_ARBITRARY_DAY
hotpeltier,T79.csv,9,PLACEHOLDER_ARBITRARY_DAY
hotpeltier,T32.csv,10,PLACEHOLDER_ARBITRARY_DAY
hotpeltier,T21.csv,1,PLACEHOLDER_ARBITRARY_DAY
hotpeltier,T69.csv,2,PLACEHOLDER_ARBITRARY_DAY
hotpeltier,T34.csv,3,PLACEHOLDER_ARBITRARY_DAY
hotpeltier,T27.csv,4,PLACEHOLDER_ARBITRARY_DAY
hotpeltier,T77.csv,5,PLACEHOLDER_ARBITRARY_DAY
hotpeltier,T41.csv,6,PLACEHOLDER_ARBITRARY_DAY
hotpeltier,T39.csv,7,PLACEHOLDER_ARBITRARY_DAY
hotpeltier,T26.csv,8,PLACEHOLDER_ARBITRARY_DAY
hotpeltier,T109.csv,9,PLACEHOLDER_ARBITRARY_DAY
hotpeltier,T59.csv,10,PLACEHOLDER_ARBITRARY_DAY
hotpeltier,T37.csv,1,PLACEHOLDER_ARBITRARY_DAY
hotpeltier,T11.csv,2,PLACEHOLDER_ARBITRARY_DAY
hotpeltier,T50.csv,3,PLACEHOLDER_ARBITRARY_DAY
hotpeltier,T83.csv,4,PLACEHOLDER_ARBITRARY_DAY
hotpeltier,T115.csv,5,PLACEHOLDER_ARBITRARY_DAY
hotpeltier,T66.csv,6,PLACEHOLDER_ARBITRARY_DAY
hotpeltier,T54.csv,7,PLACEHOLDER_ARBITRARY_DAY
hotpeltier,T45.csv,8,PLACEHOLDER_ARBITRARY_DAY
hotpeltier,T17.csv,9,PLACEHOLDER_ARBITRARY_DAY
hotpeltier,T44.csv,10,PLACEHOLDER_ARBITRARY_DAY
hotpeltier,T40.csv,1,PLACEHOLDER_ARBITRARY_DAY
hotpeltier,T58.csv,2,PLACEHOLDER_ARBITRARY_DAY
hotpeltier,T116.csv,3,PLACEHOLDER_ARBITRARY_DAY
hotpeltier,T80.csv,4,PLACEHOLDER_ARBITRARY_DAY
hotpeltier,T105.csv,5,PLACEHOLDER_ARBITRARY_DAY
hotpeltier,T42.csv,6,PLACEHOLDER_ARBITRARY_DAY
hotpeltier,T49.csv,7,PLACEHOLDER_ARBITRARY_DAY
hotpeltier,T117.csv,8,PLACEHOLDER_ARBITRARY_DAY
hotpeltier,T94.csv,9,PLACEHOLDER_ARBITRARY_DAY
hotpeltier,T12.csv,10,PLACEHOLDER_ARBITRARY_DAY
hotpeltier,T96.csv,1,PLACEHOLDER_ARBITRARY_DAY
hotpeltier,T76.csv,2,PLACEHOLDER_ARBITRARY_DAY
hotpeltier,T48.csv,3,PLACEHOLDER_ARBITRARY_DAY
hotpeltier,T84.csv,4,PLACEHOLDER_ARBITRARY_DAY
hotpeltier,T56.csv,5,PLACEHOLDER_ARBITRARY_DAY
hotpeltier,T35.csv,6,PLACEHOLDER_ARBITRARY_DAY
hotpeltier,T98.csv,7,PLACEHOLDER_ARBITRARY_DAY
hotpeltier,T53.csv,8,PLACEHOLDER_ARBITRARY_DAY
hotpeltier,T1.csv,9,PLACEHOLDER_ARBITRARY_DAY
hotpeltier,T64.csv,10,PLACEHOLDER_ARBITRARY_DAY
hotpeltier,T103.csv,1,PLACEHOLDER_ARBITRARY_DAY
hotpeltier,T22.csv,2,PLACEHOLDER_ARBITRARY_DAY
hotpeltier,T97.csv,3,PLACEHOLDER_ARBITRARY_DAY
hotpeltier,T6.csv,4,PLACEHOLDER_ARBITRARY_DAY
hotpeltier,T38.csv,5,PLACEHOLDER_ARBITRARY_DAY
hotpeltier,T74.csv,6,PLACEHOLDER_ARBITRARY_DAY
hotpeltier,T8.csv,7,PLACEHOLDER_ARBITRARY_DAY
hotpeltier,T63.csv,8,PLACEHOLDER_ARBITRARY_DAY
hotpeltier,T67.csv,9,PLACEHOLDER_ARBITRARY_DAY
hotpeltier,T3.csv,10,PLACEHOLDER_ARBITRARY_DAY
hotpeltier,T81.csv,1,PLACEHOLDER_ARBITRARY_DAY
hotpeltier,T43.csv,2,PLACEHOLDER_ARBITRARY_DAY
hotpeltier,T62.csv,3,PLACEHOLDER_ARBITRARY_DAY
hotpeltier,T110.csv,4,PLACEHOLDER_ARBITRARY_DAY
hotpeltier,T102.csv,5,PLACEHOLDER_ARBITRARY_DAY
hotpeltier,T73.csv,6,PLACEHOLDER_ARBITRARY_DAY
hotpeltier,T60.csv,7,PLACEHOLDER_ARBITRARY_DAY
hotpeltier,T13.csv,8,PLACEHOLDER_ARBITRARY_DAY
hotpeltier,T23.csv,9,PLACEHOLDER_ARBITRARY_DAY
hotpeltier,T111.csv,10,PLACEHOLDER_ARBITRARY_DAY
hotpeltier,T9.csv,1,PLACEHOLDER_ARBITRARY_DAY
hotpeltier,T86.csv,2,PLACEHOLDER_ARBITRARY_DAY
hotpeltier,T55.csv,3,PLACEHOLDER_ARBITRARY_DAY
hotpeltier,T71.csv,4,PLACEHOLDER_ARBITRARY_DAY
hotpeltier,T87.csv,5,PLACEHOLDER_ARBITRARY_DAY
hotpeltier,T52.csv,6,PLACEHOLDER_ARBITRARY_DAY
hotpeltier,T68.csv,7,PLACEHOLDER_ARBITRARY_DAY
hotpeltier,T95.csv,8,PLACEHOLDER_ARBITRARY_DAY
hotpeltier,T92.csv,9,PLACEHOLDER_ARBITRARY_DAY
hotpeltier,T82.csv,10,PLACEHOLDER_ARBITRARY_DAY
hotpeltier,T106.csv,1,PLACEHOLDER_ARBITRARY_DAY
hotpeltier,T25.csv,2,PLACEHOLDER_ARBITRARY_DAY
hotpeltier,T31.csv,3,PLACEHOLDER_ARBITRARY_DAY
hotpeltier,T4.csv,4,PLACEHOLDER_ARBITRARY_DAY
hotpeltier,T15.csv,5,PLACEHOLDER_ARBITRARY_DAY
hotpeltier,T7.csv,6,PLACEHOLDER_ARBITRARY_DAY
hotpeltier,T101.csv,7,PLACEHOLDER_ARBITRARY_DAY
hotpeltier,T99.csv,8,PLACEHOLDER_ARBITRARY_DAY
hotpeltier,T2.csv,9,PLACEHOLDER_ARBITRARY_DAY
hotpeltier,T85.csv,10,PLACEHOLDER_ARBITRARY_DAY
hotpeltier,T89.csv,1,PLACEHOLDER_ARBITRARY_DAY
hotpeltier,T29.csv,2,PLACEHOLDER_ARBITRARY_DAY
hotpeltier,T33.csv,3,PLACEHOLDER_ARBITRARY_DAY
hotpeltier,T46.csv,4,PLACEHOLDER_ARBITRARY_DAY
hotpeltier,T88.csv,5,PLACEHOLDER_ARBITRARY_DAY
hotpeltier,T16.csv,6,PLACEHOLDER_ARBITRARY_DAY
hotpeltier,T19.csv,7,PLACEHOLDER_ARBITRARY_DAY
peltier,T78.csv,1,PLACEHOLDER_ARBITRARY_DAY
peltier,T28.csv,2,PLACEHOLDER_ARBITRARY_DAY
peltier,T53.csv,3,PLACEHOLDER_ARBITRARY_DAY
peltier,T4.csv,4,PLACEHOLDER_ARBITRARY_DAY
peltier,T87.csv,5,PLACEHOLDER_ARBITRARY_DAY
peltier,T38.csv,6,PLACEHOLDER_ARBITRARY_DAY
peltier,T57.csv,7,PLACEHOLDER_ARBITRARY_DAY
peltier,T69.csv,8,PLACEHOLDER_ARBITRARY_DAY
peltier,T100.csv,9,PLACEHOLDER_ARBITRARY_DAY
peltier,T113.csv,10,PLACEHOLDER_ARBITRARY_DAY
peltier,T3.csv,1,PLACEHOLDER_ARBITRARY_DAY
peltier,T108.csv,2,PLACEHOLDER_ARBITRARY_DAY
peltier,T93.csv,3,PLACEHOLDER_ARBITRARY_DAY
peltier,T82.csv,4,PLACEHOLDER_ARBITRARY_DAY
peltier,T56.csv,5,PLACEHOLDER_ARBITRARY_DAY
peltier,T31.csv,6,PLACEHOLDER_ARBITRARY_DAY
peltier,T17.csv,7,PLACEHOLDER_ARBITRARY_DAY
peltier,T41.csv,8,PLACEHOLDER_ARBITRARY_DAY
peltier,T44.csv,9,PLACEHOLDER_ARBITRARY_DAY
peltier,T70.csv,10,PLACEHOLDER_ARBITRARY_DAY
peltier,T105.csv,1,PLACEHOLDER_ARBITRARY_DAY
peltier,T116.csv,2,PLACEHOLDER_ARBITRARY_DAY
peltier,T19.csv,3,PLACEHOLDER_ARBITRARY_DAY
peltier,T15.csv,4,PLACEHOLDER_ARBITRARY_DAY
peltier,T61.csv,5,PLACEHOLDER_ARBITRARY_DAY
peltier,T27.csv,6,PLACEHOLDER_ARBITRARY_DAY
peltier,T11.csv,7,PLACEHOLDER_ARBITRARY_DAY
peltier,T23.csv,8,PLACEHOLDER_ARBITRARY_DAY
peltier,T37.csv,9,PLACEHOLDER_ARBITRARY_DAY
peltier,T109.csv,10,PLACEHOLDER_ARBITRARY_DAY
peltier,T81.csv,1,PLACEHOLDER_ARBITRARY_DAY
peltier,T66.csv,2,PLACEHOLDER_ARBITRARY_DAY
peltier,T98.csv,3,PLACEHOLDER_ARBITRARY_DAY
peltier,T10.csv,4,PLACEHOLDER_ARBITRARY_DAY
peltier,T88.csv,5,PLACEHOLDER_ARBITRARY_DAY
peltier,T29.csv,6,PLACEHOLDER_ARBITRARY_DAY
peltier,T36.csv,7,PLACEHOLDER_ARBITRARY_DAY
peltier,T101.csv,8,PLACEHOLDER_ARBITRARY_DAY
peltier,T32.csv,9,PLACEHOLDER_ARBITRARY_DAY
peltier,T20.csv,10,PLACEHOLDER_ARBITRARY_DAY
peltier,T62.csv,1,PLACEHOLDER_ARBITRARY_DAY
peltier,T64.csv,2,PLACEHOLDER_ARBITRARY_DAY
peltier,T33.csv,3,PLACEHOLDER_ARBITRARY_DAY
peltier,T18.csv,4,PLACEHOLDER_ARBITRARY_DAY
peltier,T5.csv,5,PLACEHOLDER_ARBITRARY_DAY
peltier,T80.csv,6,PLACEHOLDER_ARBITRARY_DAY
peltier,T97.csv,7,PLACEHOLDER_ARBITRARY_DAY
peltier,T86.csv,8,PLACEHOLDER_ARBITRARY_DAY
peltier,T34.csv,9,PLACEHOLDER_ARBITRARY_DAY
peltier,T90.csv,10,PLACEHOLDER_ARBITRARY_DAY
peltier,T111.csv,1,PLACEHOLDER_ARBITRARY_DAY
peltier,T95.csv,2,PLACEHOLDER_ARBITRARY_DAY
peltier,T106.csv,3,PLACEHOLDER_ARBITRARY_DAY
peltier,T103.csv,4,PLACEHOLDER_ARBITRARY_DAY
peltier,T25.csv,5,PLACEHOLDER_ARBITRARY_DAY
peltier,T6.csv,6,PLACEHOLDER_ARBITRARY_DAY
peltier,T13.csv,7,PLACEHOLDER_ARBITRARY_DAY
peltier,T96.csv,8,PLACEHOLDER_ARBITRARY_DAY
peltier,T71.csv,9,PLACEHOLDER_ARBITRARY_DAY
peltier,T84.csv,10,PLACEHOLDER_ARBITRARY_DAY
peltier,T35.csv,1,PLACEHOLDER_ARBITRARY_DAY
peltier,T102.csv,2,PLACEHOLDER_ARBITRARY_DAY
peltier,T79.csv,3,PLACEHOLDER_ARBITRARY_DAY
peltier,T68.csv,4,PLACEHOLDER_ARBITRARY_DAY
peltier,T21.csv,5,PLACEHOLDER_ARBITRARY_DAY
peltier,T50.csv,6,PLACEHOLDER_ARBITRARY_DAY
peltier,T76.csv,7,PLACEHOLDER_ARBITRARY_DAY
peltier,T26.csv,8,PLACEHOLDER_ARBITRARY_DAY
peltier,T72.csv,9,PLACEHOLDER_ARBITRARY_DAY
peltier,T24.csv,10,PLACEHOLDER_ARBITRARY_DAY
peltier,T91.csv,1,PLACEHOLDER_ARBITRARY_DAY
peltier,T99.csv,2,PLACEHOLDER_ARBITRARY_DAY
peltier,T12.csv,3,PLACEHOLDER_ARBITRARY_DAY
peltier,T46.csv,4,PLACEHOLDER_ARBITRARY_DAY
peltier,T58.csv,5,PLACEHOLDER_ARBITRARY_DAY
peltier,T8.csv,6,PLACEHOLDER_ARBITRARY_DAY
peltier,T52.csv,7,PLACEHOLDER_ARBITRARY_DAY
peltier,T45.csv,8,PLACEHOLDER_ARBITRARY_DAY
peltier,T30.csv,9,PLACEHOLDER_ARBITRARY_DAY
peltier,T63.csv,10,PLACEHOLDER_ARBITRARY_DAY
peltier,T73.csv,1,PLACEHOLDER_ARBITRARY_DAY
peltier,T55.csv,2,PLACEHOLDER_ARBITRARY_DAY
peltier,T9.csv,3,PLACEHOLDER_ARBITRARY_DAY
peltier,T114.csv,4,PLACEHOLDER_ARBITRARY_DAY
peltier,T94.csv,5,PLACEHOLDER_ARBITRARY_DAY
peltier,T112.csv,6,PLACEHOLDER_ARBITRARY_DAY
peltier,T85.csv,7,PLACEHOLDER_ARBITRARY_DAY
peltier,T59.csv,8,PLACEHOLDER_ARBITRARY_DAY
peltier,T104.csv,9,PLACEHOLDER_ARBITRARY_DAY
peltier,T48.csv,10,PLACEHOLDER_ARBITRARY_DAY
peltier,T54.csv,1,PLACEHOLDER_ARBITRARY_DAY
peltier,T89.csv,2,PLACEHOLDER_ARBITRARY_DAY
peltier,T14.csv,3,PLACEHOLDER_ARBITRARY_DAY
peltier,T2.csv,4,PLACEHOLDER_ARBITRARY_DAY
peltier,T43.csv,5,PLACEHOLDER_ARBITRARY_DAY
peltier,T110.csv,6,PLACEHOLDER_ARBITRARY_DAY
peltier,T1.csv,7,PLACEHOLDER_ARBITRARY_DAY
peltier,T74.csv,8,PLACEHOLDER_ARBITRARY_DAY
peltier,T7.csv,9,PLACEHOLDER_ARBITRARY_DAY
peltier,T115.csv,10,PLACEHOLDER_ARBITRARY_DAY
peltier,T22.csv,1,PLACEHOLDER_ARBITRARY_DAY
peltier,T40.csv,2,PLACEHOLDER_ARBITRARY_DAY
peltier,T51.csv,3,PLACEHOLDER_ARBITRARY_DAY
peltier,T39.csv,4,PLACEHOLDER_ARBITRARY_DAY
peltier,T75.csv,5,PLACEHOLDER_ARBITRARY_DAY
peltier,T77.csv,6,PLACEHOLDER_ARBITRARY_DAY
peltier,T16.csv,7,PLACEHOLDER_ARBITRARY_DAY
peltier,T60.csv,8,PLACEHOLDER_ARBITRARY_DAY
peltier,T67.csv,9,PLACEHOLDER_ARBITRARY_DAY
peltier,T42.csv,10,PLACEHOLDER_ARBITRARY_DAY
peltier,T47.csv,1,PLACEHOLDER_ARBITRARY_DAY
peltier,T107.csv,2,PLACEHOLDER_ARBITRARY_DAY
peltier,T83.csv,3,PLACEHOLDER_ARBITRARY_DAY
peltier,T92.csv,4,PLACEHOLDER_ARBITRARY_DAY
peltier,T65.csv,5,PLACEHOLDER_ARBITRARY_DAY
peltier,T49.csv,6,PLACEHOLDER_ARBITRARY_DAY
pen,T25.csv,1,PLACEHOLDER_ARBITRARY_DAY
pen,T42.csv,2,PLACEHOLDER_ARBITRARY_DAY
pen,T95.csv,3,PLACEHOLDER_ARBITRARY_DAY
pen,T61.csv,4,PLACEHOLDER_ARBITRARY_DAY
pen,T73.csv,5,PLACEHOLDER_ARBITRARY_DAY
pen,T10.csv,6,PLACEHOLDER_ARBITRARY_DAY
pen,T72.csv,7,PLACEHOLDER_ARBITRARY_DAY
pen,T88.csv,8,PLACEHOLDER_ARBITRARY_DAY
pen,T3.csv,9,PLACEHOLDER_ARBITRARY_DAY
pen,T48.csv,10,PLACEHOLDER_ARBITRARY_DAY
pen,T64.csv,1,PLACEHOLDER_ARBITRARY_DAY
pen,T80.csv,2,PLACEHOLDER_ARBITRARY_DAY
pen,T30.csv,3,PLACEHOLDER_ARBITRARY_DAY
pen,T76.csv,4,PLACEHOLDER_ARBITRARY_DAY
pen,T120.csv,5,PLACEHOLDER_ARBITRARY_DAY
pen,T69.csv,6,PLACEHOLDER_ARBITRARY_DAY
pen,T60.csv,7,PLACEHOLDER_ARBITRARY_DAY
pen,T40.csv,8,PLACEHOLDER_ARBITRARY_DAY
pen,T28.csv,9,PLACEHOLDER_ARBITRARY_DAY
pen,T79.csv,10,PLACEHOLDER_ARBITRARY_DAY
pen,T11.csv,1,PLACEHOLDER_ARBITRARY_DAY
pen,T63.csv,2,PLACEHOLDER_ARBITRARY_DAY
pen,T115.csv,3,PLACEHOLDER_ARBITRARY_DAY
pen,T45.csv,4,PLACEHOLDER_ARBITRARY_DAY
pen,T39.csv,5,PLACEHOLDER_ARBITRARY_DAY
pen,T52.csv,6,PLACEHOLDER_ARBITRARY_DAY
pen,T82.csv,7,PLACEHOLDER_ARBITRARY_DAY
pen,T57.csv,8,PLACEHOLDER_ARBITRARY_DAY
pen,T47.csv,9,PLACEHOLDER_ARBITRARY_DAY
pen,T105.csv,10,PLACEHOLDER_ARBITRARY_DAY
pen,T41.csv,1,PLACEHOLDER_ARBITRARY_DAY
pen,T51.csv,2,PLACEHOLDER_ARBITRARY_DAY
pen,T17.csv,3,PLACEHOLDER_ARBITRARY_DAY
pen,T86.csv,4,PLACEHOLDER_ARBITRARY_DAY
pen,T33.csv,5,PLACEHOLDER_ARBITRARY_DAY
pen,T62.csv,6,PLACEHOLDER_ARBITRARY_DAY
pen,T35.csv,7,PLACEHOLDER_ARBITRARY_DAY
pen,T96.csv,8,PLACEHOLDER_ARBITRARY_DAY
pen,T91.csv,9,PLACEHOLDER_ARBITRARY_DAY
pen,T109.csv,10,PLACEHOLDER_ARBITRARY_DAY
pen,T24.csv,1,PLACEHOLDER_ARBITRARY_DAY
pen,T44.csv,2,PLACEHOLDER_ARBITRARY_DAY
pen,T125.csv,3,PLACEHOLDER_ARBITRARY_DAY
pen,T2.csv,4,PLACEHOLDER_ARBITRARY_DAY
pen,T97.csv,5,PLACEHOLDER_ARBITRARY_DAY
pen,T34.csv,6,PLACEHOLDER_ARBITRARY_DAY
pen,T74.csv,7,PLACEHOLDER_ARBITRARY_DAY
pen,T43.csv,8,PLACEHOLDER_ARBITRARY_DAY
pen,T122.csv,9,PLACEHOLDER_ARBITRARY_DAY
pen,T1.csv,10,PLACEHOLDER_ARBITRARY_DAY
pen,T54.csv,1,PLACEHOLDER_ARBITRARY_DAY
pen,T87.csv,2,PLACEHOLDER_ARBITRARY_DAY
pen,T56.csv,3,PLACEHOLDER_ARBITRARY_DAY
pen,T102.csv,4,PLACEHOLDER_ARBITRARY_DAY
pen,T93.csv,5,PLACEHOLDER_ARBITRARY_DAY
pen,T21.csv,6,PLACEHOLDER_ARBITRARY_DAY
pen,T98.csv,7,PLACEHOLDER_ARBITRARY_DAY
pen,T14.csv,8,PLACEHOLDER_ARBITRARY_DAY
pen,T119.csv,9,PLACEHOLDER_ARBITRARY_DAY
pen,T65.csv,10,PLACEHOLDER_ARBITRARY_DAY
pen,T4.csv,1,PLACEHOLDER_ARBITRARY_DAY
pen,T16.csv,2,PLACEHOLDER_ARBITRARY_DAY
pen,T75.csv,3,PLACEHOLDER_ARBITRARY_DAY
pen,T112.csv,4,PLACEHOLDER_ARBITRARY_DAY
pen,T18.csv,5,PLACEHOLDER_ARBITRARY_DAY
pen,T5.csv,6,PLACEHOLDER_ARBITRARY_DAY
pen,T67.csv,7,PLACEHOLDER_ARBITRARY_DAY
pen,T107.csv,8,PLACEHOLDER_ARBITRARY_DAY
pen,T66.csv,9,PLACEHOLDER_ARBITRARY_DAY
pen,T29.csv,10,PLACEHOLDER_ARBITRARY_DAY
pen,T84.csv,1,PLACEHOLDER_ARBITRARY_DAY
pen,T50.csv,2,PLACEHOLDER_ARBITRARY_DAY
pen,T68.csv,3,PLACEHOLDER_ARBITRARY_DAY
pen,T110.csv,4,PLACEHOLDER_ARBITRARY_DAY
pen,T19.csv,5,PLACEHOLDER_ARBITRARY_DAY
pen,T117.csv,6,PLACEHOLDER_ARBITRARY_DAY
pen,T6.csv,7,PLACEHOLDER_ARBITRARY_DAY
pen,T53.csv,8,PLACEHOLDER_ARBITRARY_DAY
pen,T99.csv,9,PLACEHOLDER_ARBITRARY_DAY
pen,T26.csv,10,PLACEHOLDER_ARBITRARY_DAY
pen,T81.csv,1,PLACEHOLDER_ARBITRARY_DAY
pen,T94.csv,2,PLACEHOLDER_ARBITRARY_DAY
pen,T89.csv,3,PLACEHOLDER_ARBITRARY_DAY
pen,T49.csv,4,PLACEHOLDER_ARBITRARY_DAY
pen,T111.csv,5,PLACEHOLDER_ARBITRARY_DAY
pen,T78.csv,6,PLACEHOLDER_ARBITRARY_DAY
pen,T113.csv,7,PLACEHOLDER_ARBITRARY_DAY
pen,T126.csv,8,PLACEHOLDER_ARBITRARY_DAY
pen,T116.csv,9,PLACEHOLDER_ARBITRARY_DAY
pen,T55.csv,10,PLACEHOLDER_ARBITRARY_DAY
pen,T77.csv,1,PLACEHOLDER_ARBITRARY_DAY
pen,T121.csv,2,PLACEHOLDER_ARBITRARY_DAY
pen,T127.csv,3,PLACEHOLDER_ARBITRARY_DAY
pen,T101.csv,4,PLACEHOLDER_ARBITRARY_DAY
pen,T103.csv,5,PLACEHOLDER_ARBITRARY_DAY
pen,T85.csv,6,PLACEHOLDER_ARBITRARY_DAY
pen,T106.csv,7,PLACEHOLDER_ARBITRARY_DAY
pen,T59.csv,8,PLACEHOLDER_ARBITRARY_DAY
pen,T124.csv,9,PLACEHOLDER_ARBITRARY_DAY
pen,T23.csv,10,PLACEHOLDER_ARBITRARY_DAY
pen,T92.csv,1,PLACEHOLDER_ARBITRARY_DAY
pen,T46.csv,2,PLACEHOLDER_ARBITRARY_DAY
pen,T7.csv,3,PLACEHOLDER_ARBITRARY_DAY
pen,T100.csv,4,PLACEHOLDER_ARBITRARY_DAY
pen,T38.csv,5,PLACEHOLDER_ARBITRARY_DAY
pen,T108.csv,6,PLACEHOLDER_ARBITRARY_DAY
pen,T128.csv,7,PLACEHOLDER_ARBITRARY_DAY
pen,T31.csv,8,PLACEHOLDER_ARBITRARY_DAY
pen,T8.csv,9,PLACEHOLDER_ARBITRARY_DAY
pen,T70.csv,10,PLACEHOLDER_ARBITRARY_DAY
pen,T15.csv,1,PLACEHOLDER_ARBITRARY_DAY
pen,T90.csv,2,PLACEHOLDER_ARBITRARY_DAY
pen,T71.csv,3,PLACEHOLDER_ARBITRARY_DAY
pen,T22.csv,4,PLACEHOLDER_ARBITRARY_DAY
pen,T9.csv,5,PLACEHOLDER_ARBITRARY_DAY
pen,T36.csv,6,PLACEHOLDER_ARBITRARY_DAY
pen,T123.csv,7,PLACEHOLDER_ARBITRARY_DAY
pen,T20.csv,8,PLACEHOLDER_ARBITRARY_DAY
pen,T27.csv,9,PLACEHOLDER_ARBITRARY_DAY
pen,T13.csv,10,PLACEHOLDER_ARBITRARY_DAY
pen,T104.csv,1,PLACEHOLDER_ARBITRARY_DAY
pen,T12.csv,2,PLACEHOLDER_ARBITRARY_DAY
pen,T37.csv,3,PLACEHOLDER_ARBITRARY_DAY
pen,T83.csv,4,PLACEHOLDER_ARBITRARY_DAY
pen,T114.csv,5,PLACEHOLDER_ARBITRARY_DAY
pen,T32.csv,6,PLACEHOLDER_ARBITRARY_DAY
pen,T58.csv,7,PLACEHOLDER_ARBITRARY_DAY
pen,T118.csv,8,PLACEHOLDER_ARBITRARY_DAY
sponge,T74.csv,1,PLACEHOLDER_ARBITRARY_DAY
sponge,T32.csv,2,PLACEHOLDER_ARBITRARY_DAY
sponge,T173.csv,3,PLACEHOLDER_ARBITRARY_DAY
sponge,T73.csv,4,PLACEHOLDER_ARBITRARY_DAY
sponge,T136.csv,5,PLACEHOLDER_ARBITRARY_DAY
sponge,T93.csv,6,PLACEHOLDER_ARBITRARY_DAY
sponge,T174.csv,7,PLACEHOLDER_ARBITRARY_DAY
sponge,T43.csv,8,PLACEHOLDER_ARBITRARY_DAY
sponge,T140.csv,9,PLACEHOLDER_ARBITRARY_DAY
sponge,T166.csv,10,PLACEHOLDER_ARBITRARY_DAY
sponge,T23.csv,1,PLACEHOLDER_ARBITRARY_DAY
sponge,T59.csv,2,PLACEHOLDER_ARBITRARY_DAY
sponge,T120.csv,3,PLACEHOLDER_ARBITRARY_DAY
sponge,T25.csv,4,PLACEHOLDER_ARBITRARY_DAY
sponge,T80.csv,5,PLACEHOLDER_ARBITRARY_DAY
sponge,T79.csv,6,PLACEHOLDER_ARBITRARY_DAY
sponge,T3.csv,7,PLACEHOLDER_ARBITRARY_DAY
sponge,T81.csv,8,PLACEHOLDER_ARBITRARY_DAY
sponge,T119.csv,9,PLACEHOLDER_ARBITRARY_DAY
sponge,T118.csv,10,PLACEHOLDER_ARBITRARY_DAY
sponge,T101.csv,1,PLACEHOLDER_ARBITRARY_DAY
sponge,T31.csv,2,PLACEHOLDER_ARBITRARY_DAY
sponge,T6.csv,3,PLACEHOLDER_ARBITRARY_DAY
sponge,T8.csv,4,PLACEHOLDER_ARBITRARY_DAY
sponge,T89.csv,5,PLACEHOLDER_ARBITRARY_DAY
sponge,T47.csv,6,PLACEHOLDER_ARBITRARY_DAY
sponge,T18.csv,7,PLACEHOLDER_ARBITRARY_DAY
sponge,T61.csv,8,PLACEHOLDER_ARBITRARY_DAY
sponge,T84.csv,9,PLACEHOLDER_ARBITRARY_DAY
sponge,T40.csv,10,PLACEHOLDER_ARBITRARY_DAY
sponge,T29.csv,1,PLACEHOLDER_ARBITRARY_DAY
sponge,T45.csv,2,PLACEHOLDER_ARBITRARY_DAY
sponge,T114.csv,3,PLACEHOLDER_ARBITRARY_DAY
sponge,T27.csv,4,PLACEHOLDER_ARBITRARY_DAY
sponge,T137.csv,5,PLACEHOLDER_ARBITRARY_DAY
sponge,T13.csv,6,PLACEHOLDER_ARBITRARY_DAY
sponge,T49.csv,7,PLACEHOLDER_ARBITRARY_DAY
sponge,T16.csv,8,PLACEHOLDER_ARBITRARY_DAY
sponge,T76.csv,9,PLACEHOLDER_ARBITRARY_DAY
sponge,T48.csv,10,PLACEHOLDER_ARBITRARY_DAY
sponge,T135.csv,1,PLACEHOLDER_ARBITRARY_DAY
sponge,T77.csv,2,PLACEHOLDER_ARBITRARY_DAY
sponge,T144.csv,3,PLACEHOLDER_ARBITRARY_DAY
sponge,T35.csv,4,PLACEHOLDER_ARBITRARY_DAY
sponge,T38.csv,5,PLACEHOLDER_ARBITRARY_DAY
sponge,T125.csv,6,PLACEHOLDER_ARBITRARY_DAY
sponge,T66.csv,7,PLACEHOLDER_ARBITRARY_DAY
sponge,T60.csv,8,PLACEHOLDER_ARBITRARY_DAY
sponge,T57.csv,9,PLACEHOLDER_ARBITRARY_DAY
sponge,T146.csv,10,PLACEHOLDER_ARBITRARY_DAY
sponge,T30.csv,1,PLACEHOLDER_ARBITRARY_DAY
sponge,T100.csv,2,PLACEHOLDER_ARBITRARY_DAY
sponge,T115.csv,3,PLACEHOLDER_ARBITRARY_DAY
sponge,T156.csv,4,PLACEHOLDER_ARBITRARY_DAY
sponge,T85.csv,5,PLACEHOLDER_ARBITRARY_DAY
sponge,T139.csv,6,PLACEHOLDER_ARBITRARY_DAY
sponge,T86.csv,7,PLACEHOLDER_ARBITRARY_DAY
sponge,T53.csv,8,PLACEHOLDER_ARBITRARY_DAY
sponge,T1.csv,9,PLACEHOLDER_ARBITRARY_DAY
sponge,T158.csv,10,PLACEHOLDER_ARBITRARY_DAY
sponge,T92.csv,1,PLACEHOLDER_ARBITRARY_DAY
sponge,T51.csv,2,PLACEHOLDER_ARBITRARY_DAY
sponge,T109.csv,3,PLACEHOLDER_ARBITRARY_DAY
sponge,T98.csv,4,PLACEHOLDER_ARBITRARY_DAY
sponge,T117.csv,5,PLACEHOLDER_ARBITRARY_DAY
sponge,T19.csv,6,PLACEHOLDER_ARBITRARY_DAY
sponge,T129.csv,7,PLACEHOLDER_ARBITRARY_DAY
sponge,T123.csv,8,PLACEHOLDER_ARBITRARY_DAY
sponge,T122.csv,9,PLACEHOLDER_ARBITRARY_DAY
sponge,T11.csv,10,PLACEHOLDER_ARBITRARY_DAY
sponge,T105.csv,1,PLACEHOLDER_ARBITRARY_DAY
sponge,T134.csv,2,PLACEHOLDER_ARBITRARY_DAY
sponge,T148.csv,3,PLACEHOLDER_ARBITRARY_DAY
sponge,T58.csv,4,PLACEHOLDER_ARBITRARY_DAY
sponge,T36.csv,5,PLACEHOLDER_ARBITRARY_DAY
sponge,T150.csv,6,PLACEHOLDER_ARBITRARY_DAY
sponge,T142.csv,7,PLACEHOLDER_ARBITRARY_DAY
sponge,T159.csv,8,PLACEHOLDER_ARBITRARY_DAY
sponge,T124.csv,9,PLACEHOLDER_ARBITRARY_DAY
sponge,T170.csv,10,PLACEHOLDER_ARBITRARY_DAY
sponge,T168.csv,1,PLACEHOLDER_ARBITRARY_DAY
sponge,T56.csv,2,PLACEHOLDER_ARBITRARY_DAY
sponge,T147.csv,3,PLACEHOLDER_ARBITRARY_DAY
sponge,T163.csv,4,PLACEHOLDER_ARBITRARY_DAY
sponge,T112.csv,5,PLACEHOLDER_ARBITRARY_DAY
sponge,T127.csv,6,PLACEHOLDER_ARBITRARY_DAY
sponge,T108.csv,7,PLACEHOLDER_ARBITRARY_DAY
sponge,T133.csv,8,PLACEHOLDER_ARBITRARY_DAY
sponge,T82.csv,9,PLACEHOLDER_ARBITRARY_DAY
sponge,T94.csv,10,PLACEHOLDER_ARBITRARY_DAY
sponge,T116.csv,1,PLACEHOLDER_ARBITRARY_DAY
sponge,T33.csv,2,PLACEHOLDER_ARBITRARY_DAY
sponge,T2.csv,3,PLACEHOLDER_ARBITRARY_DAY
sponge,T70.csv,4,PLACEHOLDER_ARBITRARY_DAY
sponge,T4.csv,5,PLACEHOLDER_ARBITRARY_DAY
sponge,T107.csv,6,PLACEHOLDER_ARBITRARY_DAY
sponge,T42.csv,7,PLACEHOLDER_ARBITRARY_DAY
sponge,T145.csv,8,PLACEHOLDER_ARBITRARY_DAY
sponge,T106.csv,9,PLACEHOLDER_ARBITRARY_DAY
sponge,T111.csv,10,PLACEHOLDER_ARBITRARY_DAY
sponge,T37.csv,1,PLACEHOLDER_ARBITRARY_DAY
sponge,T128.csv,2,PLACEHOLDER_ARBITRARY_DAY
sponge,T5.csv,3,PLACEHOLDER_ARBITRARY_DAY
sponge,T91.csv,4,PLACEHOLDER_ARBITRARY_DAY
sponge,T138.csv,5,PLACEHOLDER_ARBITRARY_DAY
sponge,T9.csv,6,PLACEHOLDER_ARBITRARY_DAY
sponge,T97.csv,7,PLACEHOLDER_ARBITRARY_DAY
sponge,T153.csv,8,PLACEHOLDER_ARBITRARY_DAY
sponge,T131.csv,9,PLACEHOLDER_ARBITRARY_DAY
sponge,T165.csv,10,PLACEHOLDER_ARBITRARY_DAY
sponge,T55.csv,1,PLACEHOLDER_ARBITRARY_DAY
sponge,T110.csv,2,PLACEHOLDER_ARBITRARY_DAY
sponge,T88.csv,3,PLACEHOLDER_ARBITRARY_DAY
sponge,T28.csv,4,PLACEHOLDER_ARBITRARY_DAY
sponge,T41.csv,5,PLACEHOLDER_ARBITRARY_DAY
sponge,T172.csv,6,PLACEHOLDER_ARBITRARY_DAY
sponge,T83.csv,7,PLACEHOLDER_ARBITRARY_DAY
sponge,T21.csv,8,PLACEHOLDER_ARBITRARY_DAY
sponge,T132.csv,9,PLACEHOLDER_ARBITRARY_DAY
sponge,T64.csv,10,PLACEHOLDER_ARBITRARY_DAY
sponge,T104.csv,1,PLACEHOLDER_ARBITRARY_DAY
sponge,T103.csv,2,PLACEHOLDER_ARBITRARY_DAY
sponge,T130.csv,3,PLACEHOLDER_ARBITRARY_DAY
sponge,T113.csv,4,PLACEHOLDER_ARBITRARY_DAY
sponge,T160.csv,5,PLACEHOLDER_ARBITRARY_DAY
sponge,T78.csv,6,PLACEHOLDER_ARBITRARY_DAY
sponge,T10.csv,7,PLACEHOLDER_ARBITRARY_DAY
sponge,T169.csv,8,PLACEHOLDER_ARBITRARY_DAY
sponge,T14.csv,9,PLACEHOLDER_ARBITRARY_DAY
sponge,T24.csv,10,PLACEHOLDER_ARBITRARY_DAY
sponge,T151.csv,1,PLACEHOLDER_ARBITRARY_DAY
sponge,T95.csv,2,PLACEHOLDER_ARBITRARY_DAY
sponge,T67.csv,3,PLACEHOLDER_ARBITRARY_DAY
sponge,T121.csv,4,PLACEHOLDER_ARBITRARY_DAY
sponge,T164.csv,5,PLACEHOLDER_ARBITRARY_DAY
sponge,T62.csv,6,PLACEHOLDER_ARBITRARY_DAY
sponge,T162.csv,7,PLACEHOLDER_ARBITRARY_DAY
sponge,T52.csv,8,PLACEHOLDER_ARBITRARY_DAY
sponge,T149.csv,9,PLACEHOLDER_ARBITRARY_DAY
sponge,T71.csv,10,PLACEHOLDER_ARBITRARY_DAY
sponge,T141.csv,1,PLACEHOLDER_ARBITRARY_DAY
sponge,T65.csv,2,PLACEHOLDER_ARBITRARY_DAY
sponge,T72.csv,3,PLACEHOLDER_ARBITRARY_DAY
sponge,T171.csv,4,PLACEHOLDER_ARBITRARY_DAY
sponge,T143.csv,5,PLACEHOLDER_ARBITRARY_DAY
sponge,T126.csv,6,PLACEHOLDER_ARBITRARY_DAY
sponge,T152.csv,7,PLACEHOLDER_ARBITRARY_DAY
sponge,T157.csv,8,PLACEHOLDER_ARBITRARY_DAY
sponge,T87.csv,9,PLACEHOLDER_ARBITRARY_DAY
sponge,T161.csv,10,PLACEHOLDER_ARBITRARY_DAY
sponge,T46.csv,1,PLACEHOLDER_ARBITRARY_DAY
sponge,T22.csv,2,PLACEHOLDER_ARBITRARY_DAY
sponge,T175.csv,3,PLACEHOLDER_ARBITRARY_DAY
sponge,T68.csv,4,PLACEHOLDER_ARBITRARY_DAY
sponge,T39.csv,5,PLACEHOLDER_ARBITRARY_DAY
sponge,T20.csv,6,PLACEHOLDER_ARBITRARY_DAY
sponge,T63.csv,7,PLACEHOLDER_ARBITRARY_DAY
sponge,T69.csv,8,PLACEHOLDER_ARBITRARY_DAY
sponge,T96.csv,9,PLACEHOLDER_ARBITRARY_DAY
sponge,T26.csv,10,PLACEHOLDER_ARBITRARY_DAY
sponge,T75.csv,1,PLACEHOLDER_ARBITRARY_DAY
sponge,T17.csv,2,PLACEHOLDER_ARBITRARY_DAY
sponge,T155.csv,3,PLACEHOLDER_ARBITRARY_DAY
sponge,T34.csv,4,PLACEHOLDER_ARBITRARY_DAY
sponge,T15.csv,5,PLACEHOLDER_ARBITRARY_DAY
sponge,T167.csv,6,PLACEHOLDER_ARBITRARY_DAY
sponge,T12.csv,7,PLACEHOLDER_ARBITRARY_DAY
sponge,T102.csv,8,PLACEHOLDER_ARBITRARY_DAY
sponge,T44.csv,9,PLACEHOLDER_ARBITRARY_DAY
sponge,T99.csv,10,PLACEHOLDER_ARBITRARY_DAY
sponge,T90.csv,1,PLACEHOLDER_ARBITRARY_DAY
sponge,T50.csv,2,PLACEHOLDER_ARBITRARY_DAY
sponge,T154.csv,3,PLACEHOLDER_ARBITRARY_DAY
sponge,T7.csv,4,PLACEHOLDER_ARBITRARY_DAY
sponge,T54.csv,5,PLACEHOLDER_ARBITRARY_DAY
