epoch,train_loss_mean,train_loss_sd,val_loss_mean,val_loss_sd,train_acc_mean,train_acc_sd,val_acc_mean,val_acc_sd
1,2.283913066500709,0.05559056447398712,2.2167049153645833,0.03066401398608341,0.12227469630317675,0.008419620799593089,0.12333333333333334,0.009128709291752765
2,2.2441743948346096,0.034485375918068405,2.17467529296875,0.0205966642189781,0.12397127794988809,0.005504865033835685,0.125,0.01473139127471974
3,2.211531525112334,0.02734291661957735,2.1419417317708334,0.018251555771684056,0.1240041290649346,0.006849118516525466,0.125,0.01792151097300547
4,2.184545679546538,0.013039655108383385,2.1236718750000003,0.018553060627605384,0.12167632008115539,0.004604982108852262,0.12416666666666668,0.024895615410482762
5,2.1647497917356944,0.008465853820239089,2.1127506510416665,0.01742657110142048,0.13176541748900145,0.0026216142249730207,0.12250000000000001,0.02136813567493014
6,2.1401167102087113,0.013215054870542146,2.0563639322916663,0.013906959427491037,0.13938832272176765,0.010003941945257343,0.16833333333333333,0.021368135674930146
7,2.0726788091659545,0.016943286688183325,1.8792799886067708,0.06987088554855182,0.18132946288457052,0.012330061996628654,0.27166666666666667,0.04160411972122205
8,1.874606804620652,0.048845664635011714,1.5159059651692708,0.09913677804367696,0.28579079670565466,0.02156839502052224,0.39416666666666667,0.039153366536111706
9,1.6961884784698487,0.043058875504243616,1.3249348449707032,0.060298650487995785,0.380156439656303,0.02528707123644304,0.47750000000000004,0.012360330811826102
10,1.5893882914951871,0.05232981949671815,1.235784200032552,0.0977878239400541,0.4349057120936258,0.033761131678949605,0.5083333333333334,0.04965156369922075
11,1.5109352016448976,0.010733476700460466,1.1422896575927735,0.0704667141640748,0.46977124270938686,0.011875436452365433,0.5491666666666667,0.0357702933855579
12,1.3976321606408981,0.03830033722888064,1.0488378397623699,0.07990746501768152,0.5282161367507208,0.019283106065515435,0.6033333333333333,0.05546520430764579
13,1.3843173721858433,0.028058818408395074,0.9979962412516276,0.09554520729391983,0.54163286617824,0.01964387850943336,0.6366666666666667,0.05148826727193939
14,1.332229574748448,0.04002035304557469,0.9722808583577475,0.06271241568191824,0.5689343983786447,0.020107146493205136,0.6341666666666667,0.04076099033798535
15,1.2919704775583176,0.0276435404582143,0.9378420130411783,0.10241088386842195,0.5868830666655586,0.015886767784147274,0.6599999999999999,0.05175731295618468
16,1.2561439978508724,0.0342182404428368,0.9331722513834635,0.08235845648782651,0.609747694446927,0.013805592093181785,0.6475,0.02895758392315676
17,1.20689981619517,0.03792139934560651,0.8718880716959635,0.10181786560424651,0.6329303488277254,0.02327073228561359,0.6741666666666667,0.04243049872700322
18,1.15076179311389,0.07005907199292664,0.8656474939982097,0.05730327150581965,0.664485206093107,0.029609188107083087,0.6875,0.041142536787773965
19,1.0958446778569901,0.03567274898913652,0.8289700444539388,0.04949764514306955,0.6920088630630856,0.01606898941517086,0.7016666666666667,0.024579802006254398
20,1.1251467182522727,0.033389057723809255,0.7941862869262695,0.08596352430048101,0.6772450541314624,0.015554289737542274,0.7183333333333334,0.02095796056659883
21,1.0967441558837892,0.08078865271221011,0.76936767578125,0.08965546443567873,0.6937820300601778,0.032442008389367345,0.7241666666666667,0.03428333738454036
22,1.0706445112682523,0.05337274162674718,0.7767725753784179,0.07041008824393448,0.7040451406864893,0.02796386225550248,0.7283333333333333,0.029226129861250293
23,1.0103100271452041,0.057629337177272554,0.7637187576293945,0.060903992230652036,0.735205815122241,0.02613740399801175,0.73,0.030816436811834328
24,1.0193574383145285,0.09098579996434905,0.7544195874532064,0.07356291081446115,0.732534940696898,0.03710227646989758,0.74,0.02510395055232011
25,1.0146376668271564,0.021710790786663926,0.8525762303670248,0.08680014200759521,0.7288689244361151,0.011893168510138372,0.6900000000000001,0.030276503540974962
26,1.0072205017861866,0.04702431283148321,0.7553321329752605,0.055412370129935606,0.7349859386398678,0.02385502204608558,0.7375,0.015866193970549777
27,0.9640029526892162,0.04824002303836942,0.7633738454182943,0.053868149621111895,0.7594233190445673,0.021718655134704123,0.7491666666666668,0.02070795606631529
28,0.9536263899008433,0.029438596874675024,0.7643000030517578,0.05529535186962852,0.7616797841162908,0.009662338825414766,0.74,0.030132807886274218
29,0.9624730134010315,0.034146346079205483,0.7435630925496419,0.04642106774476012,0.7582929304100218,0.013430042217891396,0.7483333333333333,0.013372338779901018
30,0.9725831469467707,0.04628715772113758,0.7549473508199056,0.08715279263215177,0.7571751395861307,0.0190979018343271,0.7491666666666666,0.03902011589481052
31,0.9019869561422439,0.06275544976404296,0.7515724436442057,0.08140790437441546,0.7846313985188802,0.023301386883303847,0.7341666666666666,0.04212250652033373
32,0.9301322872865768,0.046892142905595006,0.7280021603902181,0.06726714401995938,0.7693433599244981,0.02358222261781811,0.755,0.02418820878950001
33,0.9596257561729068,0.061133011315679296,0.7058053843180339,0.07524733069469713,0.7646534122739519,0.03386786200900944,0.7683333333333333,0.0443510303024506
34,0.8890469700381869,0.03362441155281561,0.7321935844421387,0.07441221383586526,0.7947339298611595,0.012107034615923443,0.76,0.03315054046819347
35,0.9412452846481687,0.031454665164101794,0.7275749588012695,0.07764115609406105,0.7650856188933054,0.012688084427504255,0.7483333333333333,0.0349354563604243
36,0.9280781840710413,0.040811962472369345,0.6880000559488932,0.07113406214159029,0.7755993957178934,0.022684859236569616,0.7641666666666667,0.028504385627478448
37,0.8848506972903298,0.06917338973098455,0.6888523228963217,0.02034582691174518,0.7927885225840977,0.028557620367487158,0.7725,0.011636866703140765
38,0.8943313374973478,0.07566709613615308,0.7014229202270508,0.0654245451144857,0.7872159159183502,0.02786014759818011,0.7550000000000001,0.026744677559802043
39,0.9015765662420364,0.08434434253644818,0.7138074684143066,0.053475455147939714,0.7858782134737288,0.032901504404731406,0.7616666666666667,0.012638125740085947
40,0.8739910241535732,0.0484355164986538,0.6834361966451009,0.0875115570130191,0.8024092545963469,0.025467653043554524,0.7791666666666667,0.02062394778460763
41,0.8688022022587912,0.038527784835796205,0.7042655436197917,0.08838654277930268,0.80042315301441,0.01710607765548704,0.7725,0.02925581613590324
42,0.8971129670029594,0.07053004198304681,0.7115872065226237,0.08840913621847782,0.7897865402130854,0.029912227631959238,0.7641666666666667,0.03881938232950703
43,0.8815811773141226,0.016232708655246987,0.7163899358113607,0.06997867795259305,0.7945645107541766,0.007569858692604748,0.7566666666666666,0.030984987404297025
44,0.8864229398682004,0.06776467907692203,0.6821135711669921,0.048769959914398836,0.7956642643610636,0.027592979050589658,0.77,0.011180339887498968
45,0.8382700847444081,0.04954454930847295,0.6761628341674805,0.08761513202604669,0.8154645070575531,0.023624620325674625,0.7775000000000001,0.035183053054307606
46,0.8171775714556375,0.04992169183575221,0.6848972320556641,0.06821340892399161,0.8239174042996906,0.02027654141964995,0.7733333333333333,0.028351709727006666
47,0.8406976312115079,0.04443110938566168,0.6912339019775391,0.03970573523914785,0.8134004848343984,0.02176896358836637,0.7691666666666667,0.014006446928309683
48,0.7923348530133565,0.04457713811851525,0.6934711329142254,0.05732380368741993,0.8339818546885536,0.015525676601644969,0.775,0.014129854131510954
49,0.8033582727682023,0.10226090181513312,0.6731545257568359,0.052427813970356445,0.8283284280413673,0.0423986651093026,0.7841666666666667,0.026906473818271562
50,0.8104572187151227,0.08341652413665017,0.6828722254435221,0.07891665543601434,0.8229536779721578,0.03289687055627491,0.7766666666666666,0.03591560323251659
51,0.8249313605399358,0.050558117656592134,0.6953765869140625,0.04366428034514282,0.8204450535774231,0.022580210229965085,0.7691666666666667,0.016822191031821927
52,0.77271964601108,0.06036583558029799,0.6934069569905599,0.04349885578446688,0.8418994166169848,0.023641646518495797,0.7616666666666667,0.020497289793748073
53,0.8066693301427932,0.04036663159802016,0.6834626134236654,0.06805069481678025,0.8291551340761639,0.016542489623149595,0.78,0.02382663075915965
54,0.7664248335929144,0.049824984636451415,0.7097640101114908,0.030306231432255876,0.8460173579624721,0.017203573326646595,0.7683333333333333,0.02475575129585494
55,0.7831540393261682,0.07412520409960303,0.6901675542195638,0.046821637227462735,0.8372526452087221,0.03856181764991187,0.7825,0.021929495611567946
56,0.8312327849297297,0.04204534164943252,0.688845125834147,0.03654075794072144,0.8171772383508229,0.019189234516676965,0.7791666666666666,0.0214492294603896
57,0.799899191288721,0.03983141180607858,0.6728934860229492,0.026120846468184602,0.8297633930615017,0.011943278793520978,0.7875,0.01178511301977583
58,0.8257684490226564,0.049452327186575835,0.6609659322102864,0.03273721300113666,0.8159398897488911,0.025395613312823764,0.7933333333333332,0.002282177322938156
59,0.7955069801353273,0.05152764641635791,0.6770562108357747,0.06741817902600936,0.8289554651578268,0.019251028953767995,0.7683333333333333,0.028198207192814424
60,0.7925416929381235,0.05573282793246874,0.6772170893351237,0.04650261893537929,0.8285501429012843,0.022850370560301245,0.7766666666666666,0.019676198255196013
61,0.8535087946483066,0.03694646579907987,0.6706414031982422,0.045056225709366064,0.8078287003153847,0.017111008618282166,0.7858333333333334,0.016562172428626447
62,0.7790251329966954,0.04075037645991064,0.6622196324666342,0.049246501703285116,0.8396614657129561,0.02038273603140467,0.7808333333333334,0.01602948671805945
63,0.7997059482619876,0.05912662031811977,0.6602054595947265,0.0463305335465121,0.8283961109887986,0.022606668955106685,0.7899999999999999,0.018066236157232345
64,0.7605128954705738,0.07109072295471588,0.6661558024088542,0.050572727826313404,0.8424979877471923,0.027230323024191417,0.7775000000000001,0.021770584129355234
65,0.837444920199258,0.06720193205485506,0.6729015858968099,0.06621828991009499,0.8097527649289086,0.02612781540380686,0.7833333333333333,0.013819269959814152
66,0.7975787895634061,0.04860965315732425,0.6552551142374675,0.07001308185494169,0.8308098111833845,0.020853946828228134,0.7891666666666667,0.01519548544067539
67,0.7483446751322065,0.034405818467312936,0.6458027013142903,0.051603636079949076,0.8490651749429249,0.01462567272413722,0.795,0.005432668671002268
68,0.7931886140505473,0.00822656202304821,0.6400661341349284,0.03939989505463472,0.8318124376024519,0.007162577011445275,0.795,0.006846531968814619
69,0.7970673046225594,0.026306234514906688,0.6462118911743164,0.05208535685026364,0.8275686084656488,0.016350858326704208,0.7875,0.013819269959814131
70,0.7856111391385396,0.04518405974897712,0.6371660486857096,0.05666889514365036,0.8295132565498353,0.01727743129621879,0.8008333333333333,0.017529736639968874
71,0.7899524490038554,0.0501824915361825,0.6444703038533529,0.04495707718612612,0.8363412735575722,0.017508469162418796,0.7916666666666666,0.01381926995981418
72,0.7841322443031129,0.01662916622026069,0.6423361968994141,0.056699321728622874,0.8338838573864529,0.004916402454340258,0.7983333333333333,0.017078251276599333
73,0.7870103344463166,0.07982128925002752,0.6482307688395182,0.05811180935808765,0.8329984685352871,0.030292407464631826,0.7933333333333333,0.00959238702768446
74,0.8050330687704541,0.05748749536600979,0.6424698384602865,0.05168429076513097,0.8251867126283191,0.020283928814325745,0.7891666666666667,0.014006446928309645
75,0.7635018837451935,0.07226448573183229,0.6489195505777994,0.06947252689986647,0.8376998324621292,0.026134096168379733,0.7933333333333333,0.024224069756247746
76,0.8006612832205636,0.05394134482490269,0.6519146474202474,0.0661721011235326,0.828600515638079,0.02442538893803273,0.7925,0.011562030771259668
77,0.7752247453871227,0.039094611753303025,0.6588873036702474,0.04409406899551645,0.8318304003987993,0.014758979782617745,0.7866666666666667,0.02173067468400882
78,0.7535516323929741,0.050601446148520315,0.6524526723225911,0.0653454568400409,0.8441398357209705,0.021438901744702435,0.7916666666666667,0.023753654689565393
79,0.7853954408282325,0.10639490028930061,0.6539944712320963,0.054505272018278816,0.8304206404231843,0.03673369939105246,0.7825,0.019184774055368895
80,0.7738091840630485,0.06814835935633173,0.6593130238850912,0.0595176348439493,0.8358934623854501,0.025149240830801462,0.7858333333333334,0.02011253064357862
81,0.7751256897335961,0.06017975876096015,0.6551678721110026,0.049173943208944394,0.8358875871839977,0.02456486061279937,0.7875,0.01250000000000003
82,0.7634526619457064,0.03661701882095703,0.6496987660725912,0.048103246849939066,0.8404560730570838,0.012166411694237694,0.7925,0.018493617517643453
83,0.8195292427993955,0.04419604684857464,0.6493680826822917,0.053362818727378254,0.8193965709777105,0.023807438656488406,0.795,0.01394433377556793
84,0.7711630447137924,0.05035681959243401,0.6450609079996745,0.05666666846500655,0.8364957507451376,0.014053166622412374,0.795,0.01801812359203305
85,0.7973102183001382,0.0685991589910461,0.6489557139078777,0.06343192016065638,0.8302070140838623,0.026424130561293693,0.7908333333333333,0.018018123592033062
86,0.8093788139025371,0.06541516122444695,0.6508709971110026,0.06451794341555521,0.8235554020745413,0.03231676606912939,0.7908333333333333,0.021122986426060957
87,0.7303633780706497,0.05696867269220232,0.6456447347005209,0.0633011702952088,0.8555574079922268,0.022412993043435598,0.7958333333333334,0.014129854131510982
88,0.7716837286949157,0.05797977344813665,0.6459542846679687,0.05621504736761105,0.838664840857188,0.025210411307561527,0.7916666666666666,0.009771699499632162
89,0.7576850759415399,0.0372492215245782,0.6461952972412109,0.05255899379327156,0.844393926348005,0.01718516739613724,0.7891666666666667,0.013693063937629174
90,0.7908275569620586,0.05592261477823514,0.6491383361816406,0.05999162675433586,0.8382115124520801,0.022481069245843047,0.7916666666666666,0.010622957319984947
91,0.8117170492808023,0.04404269433570437,0.6467218526204427,0.05463382235590208,0.8202613201595488,0.01660362374377047,0.795,0.01570120306784728
92,0.7696122426646096,0.08482951021560245,0.6466002655029297,0.055109174682586554,0.8420472881907507,0.03544504351534305,0.7958333333333333,0.01350154312168302
93,0.764960017261051,0.015536068793191587,0.6461659495035807,0.05499320242192166,0.8418718135924566,0.008214619048105748,0.7975,0.013372338779901037
94,0.7950738348847344,0.056912099199808,0.6457230122884114,0.05333506273048526,0.8274364416939871,0.023317348780090525,0.7916666666666667,0.01640418307085794
95,0.7219560431298755,0.056447813616013254,0.6443991088867188,0.053997012094259784,0.8588126875105357,0.01981881463123828,0.7916666666666667,0.016925080009658207
96,0.7248221535909743,0.04408225241343901,0.6437303161621093,0.054785479581400655,0.8553686709631056,0.017548292487581923,0.7925,0.019184774055368874
97,0.7766628750165303,0.05572838958982607,0.6439552561442057,0.05459776749438018,0.8367351074445816,0.022047057439526598,0.7925,0.01985188208261933
98,0.7784566412085578,0.03304551479110725,0.6436249033610026,0.054390433542617016,0.8300902429081145,0.013021297907684224,0.7925,0.01985188208261933
99,0.7870213651657105,0.041323029124021526,0.6438495635986328,0.0545379731505085,0.829756334622701,0.012671592082129098,0.7925,0.01985188208261933
100,0.7690962383292971,0.053019481156112776,0.6438381449381511,0.054550833605836346,0.8408533971650259,0.018618658564881495,0.7925,0.01985188208261933
