Time,25W,25X,25Y
0.000,2110,1715,3200
0.020,2110,1729,3811
0.040,2110,1729,3811
0.060,2118,1719,4095
0.080,2118,1719,4095
0.100,2120,1728,4095
0.120,2120,1728,4095
0.140,2112,1711,3681
0.160,2112,1711,3681
0.180,2106,1712,3061
0.200,2106,1712,3061
0.220,2103,1718,3874
0.240,2103,1718,3874
0.260,2114,1716,4095
0.280,2114,1716,4095
0.300,2114,1722,4095
0.320,2114,1722,4095
0.340,2120,1716,3649
0.360,2120,1716,3649
0.380,2115,1720,3028
0.400,2115,1720,3028
0.420,2115,1703,3876
0.440,2115,1703,3876
0.460,2116,1727,4095
0.480,2116,1727,4095
0.500,2120,1723,4095
0.520,2120,1723,4095
0.540,2104,1718,3615
0.560,2112,1710,3136
0.580,2119,1728,3853
0.600,2119,1728,3853
0.620,2112,1714,4095
0.640,2112,1714,4095
0.660,2115,1720,4095
0.680,2115,1720,4095
0.700,2110,1719,3598
0.720,2110,1719,3598
0.740,2112,1715,3009
0.760,2112,1715,3009
0.780,2113,1725,3927
0.800,2113,1725,3927
0.820,2113,1716,4095
0.840,2113,1716,4095
0.860,2099,1718,4095
0.880,2099,1718,4095
0.900,2114,1716,3607
0.920,2114,1716,3607
0.940,2115,1716,2962
0.960,2115,1716,2962
0.980,2118,1717,4049
1.000,2118,1717,4049
1.020,2111,1720,4095
1.040,2111,1720,4095
1.060,2109,1719,4095
1.080,2109,1719,4095
1.100,2114,1716,3589
1.120,2114,1716,3589
1.140,2113,1705,2888
1.160,2113,1705,2888
1.180,2111,1720,4095
1.200,2111,1720,4095
1.220,2111,1717,4095
1.240,2111,1717,4095
1.260,2120,1722,4095
1.280,2120,1722,4095
1.300,2109,1717,3638
1.320,2109,1717,3638
1.340,2119,1718,2879
1.360,2119,1718,2879
1.380,2123,1721,4095
1.400,2123,1721,4095
1.420,2111,1717,4095
1.440,2111,1717,4095
1.460,2120,1708,4095
1.480,2120,1708,4095
1.500,2109,1716,3641
1.520,2109,1716,3641
1.540,2101,1709,2884
1.560,2101,1709,2884
1.580,2115,1711,4095
1.600,2115,1711,4095
1.620,2111,1716,4095
1.640,2111,1716,4095
1.660,2108,1724,4058
1.680,2108,1724,4058
1.700,2113,1717,3636
1.720,2113,1717,3636
1.740,2111,1713,2877
1.760,2111,1713,2877
1.780,2116,1717,4095
1.800,2116,1717,4095
1.820,2110,1714,4095
1.840,2110,1714,4095
1.860,2116,1712,4095
1.880,2116,1712,4095
1.900,2109,1715,3655
1.920,2109,1715,3655
1.940,2115,1718,2901
1.960,2115,1718,2901
1.980,2136,1721,4089
2.000,2136,1721,4089
2.020,2113,1719,4095
2.040,2113,1719,4095
2.060,2111,1715,4091
2.080,2111,1715,4091
2.100,2112,1720,3611
2.120,2112,1720,3611
2.140,2106,1711,2892
2.160,2106,1711,2892
2.180,2114,1726,4052
2.200,2114,1726,4052
2.220,2121,1721,4095
2.240,2121,1721,4095
2.260,2121,1726,4030
2.280,2121,1726,4030
2.300,2110,1716,3613
2.320,2110,1716,3613
2.340,2100,1712,3040
2.360,2100,1712,3040
2.380,2117,1706,4024
2.400,2117,1706,4024
2.420,2118,1709,4095
2.440,2118,1709,4095
2.460,2130,1722,4075
2.480,2130,1722,4075
2.500,2115,1720,3585
2.520,2115,1720,3585
2.540,2106,1722,3154
2.560,2106,1722,3154
2.580,2119,1716,3990
2.600,2119,1716,3990
2.620,2114,1720,4095
2.640,2114,1720,4095
2.660,2120,1716,4008
2.680,2120,1716,4008
2.700,2111,1716,3558
2.720,2111,1716,3558
2.740,2101,1714,3141
2.760,2101,1714,3141
2.780,2118,1716,4013
2.800,2118,1716,4013
2.820,2110,1715,4095
2.840,2110,1715,4095
2.860,2118,1715,4012
2.880,2118,1715,4012
2.900,2116,1716,3565
2.920,2116,1716,3565
2.940,2114,1721,3132
2.960,2114,1721,3132
2.980,2112,1710,4004
3.000,2112,1710,4004
3.020,2119,1713,4095
3.040,2119,1713,4095
3.060,2110,1716,4041
3.080,2110,1716,4041
3.100,2112,1717,3531
3.120,2112,1717,3531
3.140,2113,1716,3102
3.160,2113,1716,3102
3.180,2118,1710,4008
3.200,2118,1710,4008
3.220,2135,1715,4095
3.240,2135,1715,4095
3.260,2113,1722,4027
3.280,2113,1722,4027
3.300,2112,1714,3554
3.320,2112,1714,3554
3.340,2121,1712,3068
3.360,2121,1712,3068
3.380,2120,1718,4006
3.400,2120,1718,4006
3.420,2122,1715,4095
3.440,2122,1715,4095
3.460,2124,1723,3996
3.480,2124,1723,3996
3.500,2114,1712,3556
3.520,2114,1712,3556
3.540,2105,1723,3124
3.560,2105,1723,3124
3.580,2119,1719,4026
3.600,2119,1719,4026
3.620,2120,1712,4095
3.640,2120,1712,4095
3.660,2115,1713,3949
3.680,2115,1713,3949
3.700,2114,1724,3526
3.720,2114,1724,3526
3.740,2109,1712,3139
3.760,2109,1712,3139
3.780,2116,1719,4079
3.800,2116,1719,4079
3.820,2115,1719,4095
3.840,2115,1719,4095
3.860,2115,1707,3908
3.880,2115,1707,3908
3.900,2114,1711,3485
3.920,2114,1711,3485
3.940,2113,1713,3119
3.960,2113,1713,3119
3.980,2109,1711,4056
4.000,2109,1711,4056
4.020,2114,1715,4095
4.040,2114,1715,4095
4.060,2101,1719,3919
4.080,2101,1719,3919
4.100,2111,1715,3483
4.120,2111,1715,3483
4.140,2122,1720,3203
4.160,2122,1720,3203
4.180,2112,1720,4095
4.200,2112,1720,4095
4.220,2113,1712,4095
4.240,2113,1712,4095
4.260,2112,1715,3886
4.280,2112,1715,3886
4.300,2112,1717,3532
4.320,2112,1717,3532
4.340,2107,1707,3374
4.360,2107,1707,3374
4.380,2124,1722,4095
4.400,2124,1722,4095
4.420,2120,1722,4095
4.440,2120,1722,4095
4.460,2114,1702,3877
4.480,2114,1702,3877
4.500,2109,1716,3624
4.520,2109,1716,3624
4.540,2116,1723,3345
4.560,2116,1723,3345
4.580,2103,1720,4095
4.600,2103,1720,4095
4.620,2115,1721,4095
4.640,2115,1721,4095
4.660,2103,1719,3774
4.680,2103,1719,3774
4.700,2112,1717,3639
4.720,2112,1717,3639
4.740,2131,1708,3465
4.760,2131,1708,3465
4.780,2117,1711,4095
4.800,2117,1711,4095
4.820,2109,1725,4095
4.840,2109,1725,4095
4.860,2120,1725,3694
4.880,2120,1725,3694
4.900,2114,1715,3625
4.920,2114,1715,3625
4.940,2122,1705,3526
4.960,2122,1705,3526
4.980,2117,1713,4095
5.000,2117,1713,4095
5.020,2117,1707,4095
5.040,2117,1707,4095
5.060,2091,1710,3617
5.080,2091,1710,3617
5.100,2112,1713,3612
5.120,2112,1713,3612
5.140,2122,1703,3594
5.160,2122,1703,3594
5.180,2120,1716,4095
5.200,2120,1716,4095
5.220,2115,1719,4095
5.240,2115,1719,4095
5.260,2120,1711,3627
5.280,2120,1711,3627
5.300,2116,1711,3617
5.320,2116,1711,3617
5.340,2091,1713,3524
5.360,2091,1713,3524
5.380,2111,1718,4095
5.400,2111,1718,4095
5.420,2118,1716,4095
5.440,2118,1716,4095
5.460,2112,1716,3624
5.480,2112,1716,3624
5.500,2119,1713,3616
5.520,2119,1713,3616
5.540,2115,1711,3709
5.560,2115,1711,3709
5.580,2114,1719,4095
5.600,2114,1719,4095
5.620,2112,1711,4095
5.640,2112,1711,4095
5.660,2114,1719,3645
5.680,2114,1719,3645
5.700,2108,1708,3593
5.720,2108,1708,3593
5.740,2112,1711,3711
5.760,2112,1711,3711
5.780,2114,1716,4095
5.800,2114,1716,4095
5.820,2116,1721,4095
5.840,2116,1721,4095
5.860,2110,1707,3661
5.880,2110,1707,3661
5.900,2110,1720,3563
5.920,2110,1720,3563
5.940,2123,1720,3662
5.960,2123,1720,3662
5.980,2117,1717,4095
6.000,2117,1717,4095
6.020,2120,1712,4095
6.040,2120,1712,4095
6.060,2113,1719,3718
6.080,2113,1719,3718
6.100,2110,1717,3562
6.120,2110,1717,3562
6.140,2130,1726,3654
6.160,2130,1726,3654
6.180,2113,1715,4095
6.200,2113,1715,4095
6.220,2112,1708,4095
6.240,2112,1708,4095
6.260,2115,1721,3747
6.280,2115,1721,3747
6.300,2109,1724,3546
6.320,2109,1724,3546
6.340,2126,1717,3737
6.360,2126,1717,3737
6.380,2123,1716,4095
6.400,2123,1716,4095
6.420,2116,1712,4095
6.440,2116,1712,4095
6.460,2115,1719,3728
6.480,2115,1719,3728
6.500,2109,1711,3584
6.520,2109,1711,3584
6.540,2108,1706,3768
6.560,2108,1706,3768
6.580,2116,1720,4095
6.600,2116,1720,4095
6.620,2120,1710,4095
6.640,2120,1710,4095
6.660,2106,1715,3736
6.680,2106,1715,3736
6.700,2117,1714,3257
6.720,2117,1714,3257
6.740,2129,1718,3783
6.760,2129,1718,3783
6.780,2122,1722,4095
6.800,2122,1722,4095
6.820,2107,1717,4095
6.840,2107,1717,4095
6.860,2116,1713,3717
6.880,2116,1713,3717
6.900,2102,1710,3147
6.920,2102,1710,3147
6.940,2114,1703,3790
6.960,2114,1703,3790
6.980,2116,1719,4095
7.000,2116,1719,4095
7.020,2113,1722,4095
7.040,2113,1722,4095
7.060,2117,1719,3671
7.080,2117,1719,3671
7.100,2122,1715,3083
7.120,2122,1715,3083
7.140,2116,1707,3881
7.160,2116,1707,3881
7.180,2120,1716,4095
7.200,2120,1716,4095
7.220,2125,1719,4095
7.240,2125,1719,4095
7.260,2117,1711,3614
7.280,2117,1711,3614
7.300,2116,1715,3023
7.320,2116,1715,3023
7.340,2105,1716,3885
7.360,2105,1716,3885
7.380,2113,1715,4095
7.400,2113,1715,4095
7.420,2115,1717,4095
7.440,2115,1717,4095
7.460,2123,1725,3624
7.480,2123,1725,3624
7.500,2116,1716,3098
7.520,2116,1716,3098
7.540,2107,1723,3934
7.560,2107,1723,3934
7.580,2118,1713,4095
7.600,2118,1713,4095
7.620,2109,1714,4095
7.640,2109,1714,4095
7.660,2113,1722,3589
7.680,2113,1722,3589
7.700,2113,1719,3100
7.720,2113,1719,3100
7.740,2130,1708,3945
7.760,2130,1708,3945
7.780,2114,1720,4095
7.800,2114,1720,4095
7.820,2120,1711,4095
7.840,2120,1711,4095
7.860,2096,1716,3590
7.880,2096,1716,3590
7.900,2115,1714,3053
7.920,2115,1714,3053
7.940,2115,1717,3913
7.960,2115,1717,3913
7.980,2114,1713,4095
8.000,2114,1713,4095
8.020,2101,1720,4095
8.040,2101,1720,4095
8.060,2111,1711,3615
8.080,2111,1711,3615
8.100,2112,1715,2993
8.120,2112,1715,2993
8.140,2107,1716,4027
8.160,2107,1716,4027
8.180,2106,1707,4086
8.200,2106,1707,4086
8.220,2112,1725,4095
8.240,2112,1725,4095
8.260,2123,1711,3604
8.280,2123,1711,3604
8.300,2107,1712,2912
8.320,2107,1712,2912
8.340,2109,1722,4074
8.360,2109,1722,4074
8.380,2108,1714,4095
8.400,2108,1714,4095
8.420,2113,1715,4095
8.440,2113,1715,4095
8.460,2119,1715,3591
8.480,2119,1715,3591
8.500,2122,1716,2890
8.520,2122,1716,2890
8.540,2116,1723,4095
8.560,2116,1723,4095
8.580,2107,1718,4095
8.600,2107,1718,4095
8.620,2104,1714,4047
8.640,2104,1714,4047
8.660,2120,1717,3622
8.680,2120,1717,3622
8.700,2105,1717,2824
8.720,2105,1717,2824
8.740,2114,1720,4095
8.760,2114,1720,4095
8.780,2120,1721,4095
8.800,2120,1721,4095
8.820,2112,1710,4095
8.840,2112,1710,4095
8.860,2118,1717,3627
8.880,2118,1717,3627
8.900,2104,1715,2788
8.920,2104,1715,2788
8.940,2120,1716,4095
8.960,2120,1716,4095
8.980,2108,1717,4095
9.000,2108,1717,4095
9.020,2118,1717,4095
9.040,2118,1717,4095
9.060,2120,1713,3656
9.080,2120,1713,3656
9.100,2096,1716,2723
9.120,2096,1716,2723
9.140,2111,1716,4019
9.160,2111,1716,4019
9.180,2120,1712,4095
9.200,2120,1712,4095
9.220,2110,1717,4095
9.240,2110,1717,4095
9.260,2114,1708,3656
9.280,2114,1708,3656
9.300,2100,1715,2676
9.320,2100,1715,2676
9.340,2104,1715,3866
9.360,2104,1715,3866
9.380,2115,1714,4095
9.400,2115,1714,4095
9.420,2123,1719,4095
9.440,2123,1719,4095
9.460,2113,1712,3562
9.480,2113,1712,3562
9.500,2116,1708,2631
9.520,2116,1708,2631
9.540,2113,1716,3876
9.560,2113,1716,3876
9.580,2110,1705,4095
9.600,2110,1705,4095
9.620,2117,1708,4095
9.640,2117,1708,4095
9.660,2113,1707,3479
9.680,2113,1707,3479
9.700,2111,1704,2599
9.720,2111,1704,2599
9.740,2113,1702,3924
9.760,2113,1702,3924
9.780,2109,1703,4095
9.800,2109,1703,4095
9.820,2124,1704,4095
9.840,2124,1704,4095
9.860,2109,1693,3319
9.880,2109,1693,3319
9.900,2113,1698,2233
9.920,2113,1698,2233
9.940,2109,1697,4021
9.960,2109,1697,4021
9.980,2126,1704,4095
10.000,2126,1704,4095
10.020,2106,1707,4095
10.040,2106,1707,4095
10.060,2114,1699,3195
10.080,2114,1699,3195
10.100,2117,1690,1912
10.120,2117,1690,1912
10.140,2116,1710,4095
10.160,2116,1710,4095
10.180,2117,1709,4095
10.200,2117,1709,4095
10.220,2125,1701,4095
10.240,2125,1701,4095
10.260,2111,1713,3031
10.280,2111,1713,3031
10.300,2109,1701,1869
10.320,2109,1701,1869
10.340,2115,1712,4095
10.360,2115,1712,4095
10.380,2117,1720,4095
10.400,2117,1720,4095
10.420,2117,1715,4095
10.440,2117,1715,4095
10.460,2115,1715,2889
10.480,2115,1715,2889
10.500,2107,1703,1892
10.520,2107,1703,1892
10.540,2115,1719,4095
10.560,2115,1719,4095
10.580,2120,1716,4095
10.600,2120,1716,4095
10.620,2132,1711,4095
10.640,2132,1711,4095
10.660,2111,1712,2799
10.680,2111,1712,2799
10.700,2104,1711,1888
10.720,2104,1711,1888
10.740,2117,1713,4095
10.760,2117,1713,4095
10.780,2119,1713,4095
10.800,2119,1713,4095
10.820,2121,1716,4000
10.840,2121,1716,4000
10.860,2111,1716,2819
10.880,2111,1716,2819
10.900,2112,1703,2075
10.920,2112,1703,2075
10.940,2112,1704,4095
10.960,2112,1704,4095
10.980,2115,1719,4095
11.000,2115,1719,4095
11.020,2119,1728,4005
11.040,2107,1707,2934
11.060,2119,1728,4005
11.080,2107,1707,2934
11.100,2106,1706,2307
11.120,2106,1706,2307
11.140,2120,1704,4095
11.160,2120,1704,4095
11.180,2113,1703,4095
11.200,2113,1703,4095
11.220,2116,1712,3666
11.240,2116,1712,3666
11.260,2116,1698,2986
11.280,2116,1698,2986
11.300,2098,1685,2577
11.320,2098,1685,2577
11.340,2117,1700,4095
11.360,2117,1700,4095
11.380,2130,1706,4095
11.400,2130,1706,4095
11.420,2119,1689,3444
11.440,2119,1689,3444
11.460,2119,1703,2973
11.480,2119,1703,2973
11.500,2110,1680,2808
11.520,2110,1680,2808
11.540,2119,1704,4095
11.560,2119,1704,4095
11.580,2121,1701,4095
11.600,2121,1701,4095
11.620,2123,1687,3221
11.640,2123,1687,3221
11.660,2119,1694,3022
11.680,2119,1694,3022
11.700,2103,1704,2797
11.720,2103,1704,2797
11.740,2118,1688,4095
11.760,2118,1688,4095
11.780,2118,1696,4095
11.800,2118,1696,4095
11.820,2148,1700,3163
11.840,2148,1700,3163
11.860,2116,1692,2975
11.880,2116,1692,2975
11.900,2097,1687,2988
11.920,2097,1687,2988
11.940,2114,1701,4095
11.960,2114,1701,4095
11.980,2115,1699,4095
12.000,2115,1699,4095
12.020,2119,1689,3081
12.040,2119,1689,3081
12.060,2128,1694,2968
12.080,2114,1688,3174
12.100,2114,1688,3174
12.120,2118,1687,4095
12.140,2118,1687,4095
12.160,2129,1694,4095
12.180,2129,1694,4095
12.200,2125,1692,3211
12.220,2125,1692,3211
12.240,2112,1690,2865
12.260,2112,1690,2865
12.280,2114,1683,3178
12.300,2114,1683,3178
12.320,2121,1688,4095
12.340,2121,1688,4095
12.360,2128,1697,4095
12.380,2128,1697,4095
12.400,2138,1691,3280
12.420,2138,1691,3280
12.440,2113,1678,2849
12.460,2113,1678,2849
12.480,2118,1675,3414
12.500,2118,1675,3414
12.520,2111,1696,4095
12.540,2111,1696,4095
12.560,2136,1691,4095
12.580,2136,1691,4095
12.600,2115,1700,3239
12.620,2115,1700,3239
12.640,2126,1687,2632
12.660,2126,1687,2632
12.680,2116,1686,3579
12.700,2116,1686,3579
12.720,2116,1694,4095
12.740,2116,1694,4095
12.760,2132,1703,4095
12.780,2132,1703,4095
12.800,2120,1705,3256
12.820,2120,1705,3256
12.840,2114,1686,2113
12.860,2114,1686,2113
12.880,2114,1688,3602
12.900,2114,1688,3602
12.920,2112,1693,4095
12.940,2112,1693,4095
12.960,2123,1706,4095
12.980,2123,1706,4095
13.000,2119,1676,3262
13.020,2119,1676,3262
13.040,2099,1695,1696
13.060,2099,1695,1696
13.080,2106,1693,3703
13.100,2106,1693,3703
13.120,2120,1697,4095
13.140,2120,1697,4095
13.160,2123,1702,4095
13.180,2123,1702,4095
13.200,2122,1702,3149
13.220,2122,1702,3149
13.240,2112,1698,1637
13.260,2112,1698,1637
13.280,2093,1679,3803
13.300,2093,1679,3803
13.320,2141,1705,4095
13.340,2141,1705,4095
13.360,2129,1707,4095
13.380,2129,1707,4095
13.400,2129,1709,3037
13.420,2129,1709,3037
13.440,2109,1691,1393
13.460,2109,1691,1393
13.480,2107,1697,3981
13.500,2107,1697,3981
13.520,2116,1708,4095
13.540,2116,1708,4095
13.560,2116,1705,4095
13.580,2116,1705,4095
13.600,2122,1705,2928
13.620,2122,1705,2928
13.640,2113,1693,1538
13.660,2113,1693,1538
13.680,2110,1699,4082
13.700,2110,1699,4082
13.720,2121,1707,4095
13.740,2121,1707,4095
13.760,2116,1706,4095
13.780,2116,1706,4095
13.800,2106,1700,2879
13.820,2106,1700,2879
13.840,2120,1695,1296
13.860,2120,1695,1296
13.880,2118,1695,4095
13.900,2118,1695,4095
13.920,2125,1695,4095
13.940,2125,1695,4095
13.960,2115,1710,4095
13.980,2115,1710,4095
14.000,2113,1701,2908
14.020,2113,1701,2908
14.040,2104,1693,1067
14.060,2104,1693,1067
14.080,2111,1696,4095
14.100,2111,1696,4095
14.120,2123,1697,4095
14.140,2123,1697,4095
14.160,2115,1704,4095
14.180,2115,1704,4095
14.200,2113,1701,2992
14.220,2113,1701,2992
14.240,2106,1689,990
14.260,2106,1689,990
14.280,2119,1685,4095
14.300,2119,1685,4095
14.320,2121,1706,4095
14.340,2121,1706,4095
14.360,2133,1697,4095
14.380,2133,1697,4095
14.400,2113,1690,2988
14.420,2113,1690,2988
14.440,2107,1690,993
14.460,2107,1690,993
14.480,2113,1687,4095
14.500,2113,1687,4095
14.520,2120,1696,4095
14.540,2120,1696,4095
14.560,2133,1709,4095
14.580,2133,1709,4095
14.600,2116,1688,2926
14.620,2116,1688,2926
14.640,2113,1683,1176
14.660,2113,1683,1176
14.680,2120,1688,4095
14.700,2120,1688,4095
14.720,2124,1691,4095
14.740,2124,1691,4095
14.760,2122,1683,4095
14.780,2122,1683,4095
14.800,2113,1698,2858
14.820,2113,1698,2858
14.840,2109,1688,1451
14.860,2109,1688,1451
14.880,2117,1697,4095
14.900,2117,1697,4095
14.920,2115,1701,4095
14.940,2115,1701,4095
14.960,2127,1708,4095
14.980,2127,1708,4095
15.000,2120,1698,2865
15.020,2120,1698,2865
15.040,2095,1707,1651
15.060,2095,1707,1651
15.080,2119,1705,4095
15.100,2119,1705,4095
15.120,2121,1700,4095
15.140,2121,1700,4095
15.160,2115,1706,4095
15.180,2115,1706,4095
15.200,2103,1709,2811
15.220,2119,1711,1624
15.240,2119,1711,1624
15.260,2118,1712,4095
15.280,2118,1712,4095
15.300,2111,1727,4095
15.320,2111,1727,4095
15.340,2119,1721,4095
15.360,2119,1721,4095
15.380,2113,1718,2789
15.400,2113,1718,2789
15.420,2114,1711,1587
15.440,2114,1711,1587
15.460,2112,1718,4095
15.480,2112,1718,4095
15.500,2128,1713,4095
15.520,2128,1713,4095
15.540,2123,1729,4095
15.560,2123,1729,4095
15.580,2123,1715,2893
15.600,2123,1715,2893
15.620,2105,1706,1667
15.640,2105,1706,1667
15.660,2109,1711,4095
15.680,2109,1711,4095
15.700,2129,1712,4095
15.720,2129,1712,4095
15.740,2116,1710,4095
15.760,2116,1710,4095
15.780,2116,1713,2929
15.800,2116,1713,2929
15.820,2120,1715,1838
15.840,2120,1715,1838
15.860,2117,1716,4095
15.880,2117,1716,4095
15.900,2114,1715,4095
15.920,2114,1715,4095
15.940,2128,1712,4095
15.960,2128,1712,4095
15.980,2115,1709,3116
16.000,2115,1709,3116
16.020,2117,1702,2112
16.040,2117,1702,2112
16.060,2117,1716,4006
16.080,2117,1716,4006
16.100,2122,1716,4095
16.120,2122,1716,4095
16.140,2116,1723,4095
16.160,2116,1723,4095
16.180,2124,1721,3453
16.200,2124,1721,3453
16.220,2121,1711,3051
16.240,2121,1711,3051
16.260,2124,1723,4095
16.280,2124,1723,4095
16.300,2117,1719,4095
16.320,2117,1719,4095
16.340,2122,1720,3929
16.360,2122,1720,3929
16.380,2115,1716,3501
16.400,2115,1716,3501
16.420,2115,1717,3117
16.440,2115,1717,3117
16.460,2112,1716,4095
16.480,2112,1716,4095
16.500,2115,1724,4095
16.520,2115,1724,4095
16.540,2116,1711,3912
16.560,2116,1711,3912
16.580,2121,1711,3478
16.600,2121,1711,3478
16.620,2112,1713,3202
16.640,2112,1713,3202
16.660,2119,1719,4093
16.680,2119,1719,4093
16.700,2119,1723,4095
16.720,2119,1723,4095
16.740,2102,1713,3860
16.760,2102,1713,3860
16.780,2118,1717,3566
16.800,2118,1717,3566
16.820,2115,1723,3317
16.840,2115,1723,3317
16.860,2122,1728,4095
16.880,2122,1728,4095
16.900,2115,1711,4095
16.920,2115,1711,4095
16.940,2114,1709,3833
16.960,2114,1709,3833
16.980,2120,1717,3599
17.000,2120,1717,3599
17.020,2101,1718,3350
17.040,2101,1718,3350
17.060,2118,1719,4086
17.080,2118,1719,4086
17.100,2116,1715,4095
17.120,2116,1715,4095
17.140,2100,1712,3742
17.160,2100,1712,3742
17.180,2112,1716,3636
17.200,2112,1716,3636
17.220,2120,1720,3559
17.240,2120,1720,3559
17.260,2120,1724,4095
17.280,2120,1724,4095
17.300,2126,1722,4095
17.320,2126,1722,4095
17.340,2113,1715,3730
17.360,2113,1715,3730
17.380,2120,1718,3623
17.400,2120,1718,3623
17.420,2113,1714,3581
17.440,2113,1714,3581
17.460,2117,1714,4095
17.480,2117,1714,4095
17.500,2122,1730,4095
17.520,2122,1730,4095
17.540,2114,1714,3619
17.560,2114,1714,3619
17.580,2111,1734,3635
17.600,2111,1734,3635
17.620,2107,1705,3612
17.640,2107,1705,3612
17.660,2120,1719,4083
17.680,2120,1719,4083
17.700,2120,1720,4095
17.720,2120,1720,4095
17.740,2112,1714,3617
17.760,2112,1714,3617
17.780,2120,1721,3654
17.800,2120,1721,3654
17.820,2122,1717,3463
17.840,2122,1717,3463
17.860,2114,1714,4095
17.880,2114,1714,4095
17.900,2120,1716,4095
17.920,2120,1716,4095
17.940,2117,1726,3625
17.960,2117,1726,3625
17.980,2111,1711,3629
18.000,2111,1711,3629
18.020,2114,1714,3621
18.040,2114,1714,3621
18.060,2121,1724,4087
18.080,2121,1724,4087
18.100,2114,1725,4095
18.120,2114,1725,4095
18.140,2124,1709,3637
18.160,2124,1709,3637
18.180,2115,1720,3616
18.200,2115,1720,3616
18.220,2121,1717,3645
18.240,2121,1717,3645
18.260,2113,1717,4085
18.280,2113,1717,4085
18.300,2120,1714,4095
18.320,2120,1714,4095
18.340,2117,1715,3655
18.360,2117,1715,3655
18.380,2116,1725,3580
18.400,2116,1725,3580
18.420,2117,1719,3651
18.440,2117,1719,3651
18.460,2120,1718,4095
18.480,2120,1718,4095
18.500,2125,1722,4095
18.520,2125,1722,4095
18.540,2122,1721,3688
18.560,2122,1721,3688
18.580,2112,1717,3574
18.600,2112,1717,3574
18.620,2107,1722,3708
18.640,2107,1722,3708
18.660,2115,1717,4095
18.680,2115,1717,4095
18.700,2136,1717,4095
18.720,2136,1717,4095
18.740,2116,1719,3723
18.760,2116,1719,3723
18.780,2122,1716,3576
18.800,2122,1716,3576
18.820,2111,1730,3693
18.840,2111,1730,3693
18.860,2114,1722,4095
18.880,2114,1722,4095
18.900,2123,1739,4095
18.920,2123,1739,4095
18.940,2110,1722,3743
18.960,2110,1722,3743
18.980,2106,1713,3537
19.000,2106,1713,3537
19.020,2110,1715,3664
19.040,2110,1715,3664
19.060,2120,1720,4095
19.080,2120,1720,4095
19.100,2118,1725,4095
19.120,2118,1725,4095
19.140,2120,1715,3756
19.160,2120,1715,3756
19.180,2114,1717,3574
19.200,2114,1717,3574
19.220,2113,1726,3766
19.240,2113,1726,3766
19.260,2115,1724,4095
19.280,2115,1724,4095
19.300,2117,1719,4095
19.320,2117,1719,4095
19.340,2117,1714,3732
19.360,2117,1714,3732
19.380,2113,1714,3575
19.400,2113,1714,3575
19.420,2109,1717,3747
19.440,2109,1717,3747
19.460,2116,1718,4095
19.480,2116,1718,4095
19.500,2110,1715,4095
19.520,2110,1715,4095
19.540,2118,1720,3741
19.560,2118,1720,3741
19.580,2124,1719,3470
19.600,2124,1719,3470
19.620,2116,1714,3750
19.640,2116,1714,3750
19.660,2114,1711,4095
19.680,2114,1711,4095
19.700,2116,1721,4095
19.720,2116,1721,4095
19.740,2113,1714,3733
19.760,2113,1714,3733
19.780,2108,1714,3332
19.800,2108,1714,3332
19.820,2107,1711,3792
19.840,2107,1711,3792
19.860,2117,1724,4095
19.880,2117,1724,4095
19.900,2120,1719,4095
19.920,2120,1719,4095
19.940,2117,1721,3717
19.960,2117,1721,3717
19.980,2112,1723,3157
20.000,2112,1723,3157
20.020,2107,1716,3766
20.040,2107,1716,3766
20.060,2122,1718,4095
20.080,2122,1718,4095
20.100,2122,1727,4095
20.120,2122,1727,4095
20.140,2109,1715,3728
20.160,2109,1715,3728
20.180,2112,1709,3137
20.200,2112,1709,3137
20.220,2109,1716,3808
20.240,2109,1716,3808
20.260,2123,1729,4095
20.280,2123,1729,4095
20.300,2116,1720,4095
20.320,2116,1720,4095
20.340,2119,1726,3688
20.360,2119,1726,3688
20.380,2108,1712,3091
20.400,2108,1712,3091
20.420,2116,1723,3845
20.440,2116,1723,3845
20.460,2119,1725,4095
20.480,2119,1725,4095
20.500,2120,1718,4095
20.520,2120,1718,4095
20.540,2119,1717,3643
20.560,2119,1717,3643
20.580,2114,1720,2985
20.600,2114,1720,2985
20.620,2120,1715,3897
20.640,2120,1715,3897
20.660,2115,1715,4095
20.680,2115,1715,4095
20.700,2116,1718,4095
20.720,2116,1718,4095
20.740,2114,1720,3631
20.760,2114,1720,3631
20.780,2114,1717,3054
20.800,2114,1717,3054
20.820,2111,1715,3898
20.840,2111,1715,3898
20.860,2115,1720,4095
20.880,2115,1720,4095
20.900,2106,1737,4095
20.920,2106,1737,4095
20.940,2108,1711,3626
20.960,2108,1711,3626
20.980,2120,1716,3067
21.000,2120,1716,3067
21.020,2120,1721,3882
21.040,2120,1721,3882
21.060,2114,1711,4095
21.080,2114,1711,4095
21.100,2117,1722,4095
21.120,2108,1711,3597
21.140,2117,1722,4095
21.160,2108,1711,3597
21.180,2115,1715,3104
21.200,2115,1715,3104
21.220,2110,1717,3890
21.240,2110,1717,3890
21.260,2114,1718,4095
21.280,2114,1718,4095
21.300,2115,1727,4095
21.320,2115,1727,4095
21.340,2116,1713,3612
21.360,2116,1713,3612
21.380,2116,1722,3049
21.400,2116,1722,3049
21.420,2119,1713,3923
21.440,2119,1713,3923
21.460,2120,1721,4095
21.480,2120,1721,4095
21.500,2125,1722,4095
21.520,2125,1722,4095
21.540,2117,1727,3645
21.560,2117,1727,3645
21.580,2116,1707,3008
21.600,2116,1707,3008
21.620,2100,1719,4028
21.640,2100,1719,4028
21.660,2114,1715,4095
21.680,2114,1715,4095
21.700,2113,1718,4095
21.720,2113,1718,4095
21.740,2110,1721,3616
21.760,2110,1721,3616
21.780,2109,1708,2932
21.800,2109,1708,2932
21.820,2107,1709,4037
21.840,2107,1709,4037
21.860,2110,1719,4094
21.880,2110,1719,4094
21.900,2108,1723,4095
21.920,2108,1723,4095
21.940,2110,1715,3614
21.960,2110,1715,3614
21.980,2111,1720,2942
22.000,2111,1720,2942
22.020,2118,1722,4063
22.040,2118,1722,4063
22.060,2121,1722,4095
22.080,2121,1722,4095
22.100,2112,1727,4022
22.120,2112,1727,4022
22.140,2110,1713,3597
22.160,2110,1713,3597
22.180,2114,1712,2921
22.200,2114,1712,2921
22.220,2110,1718,4095
22.240,2110,1718,4095
22.260,2112,1719,4095
22.280,2112,1719,4095
22.300,2117,1728,4095
22.320,2117,1728,4095
22.340,2113,1722,3627
22.360,2113,1722,3627
22.380,2106,1710,2892
22.400,2106,1710,2892
22.420,2121,1722,4095
22.440,2121,1722,4095
22.460,2107,1716,4095
22.480,2107,1716,4095
22.500,2111,1720,4095
22.520,2111,1720,4095
22.540,2101,1715,3642
22.560,2107,1716,2853
22.580,2107,1716,2853
22.600,2108,1724,4095
22.620,2108,1724,4095
22.640,2114,1722,4095
22.660,2114,1722,4095
22.680,2115,1708,4066
22.700,2115,1708,4066
22.720,2116,1718,3617
22.740,2116,1718,3617
22.760,2109,1715,2894
22.780,2109,1715,2894
22.800,2119,1712,4095
22.820,2119,1712,4095
22.840,2119,1717,4095
22.860,2119,1717,4095
22.880,2127,1718,4068
22.900,2127,1718,4068
22.920,2109,1709,3650
22.940,2109,1709,3650
22.960,2116,1707,2957
22.980,2116,1707,2957
23.000,2118,1719,4095
23.020,2118,1719,4095
23.040,2120,1714,4095
23.060,2120,1714,4095
23.080,2120,1724,4062
23.100,2120,1724,4062
23.120,2117,1712,3623
23.140,2117,1712,3623
23.160,2113,1708,2929
23.180,2113,1708,2929
23.200,2119,1719,4095
23.220,2119,1719,4095
23.240,2115,1711,4095
23.260,2115,1711,4095
23.280,2126,1715,4093
23.300,2126,1715,4093
23.320,2118,1712,3644
23.340,2118,1712,3644
23.360,2105,1715,2946
23.380,2105,1715,2946
23.400,2123,1720,4080
23.420,2123,1720,4080
23.440,2116,1716,4095
23.460,2116,1716,4095
23.480,2112,1714,4090
23.500,2112,1714,4090
23.520,2118,1714,3613
23.540,2118,1714,3613
23.560,2108,1712,3028
23.580,2108,1712,3028
23.600,2111,1717,4048
23.620,2111,1717,4048
23.640,2112,1721,4095
23.660,2112,1721,4095
23.680,2116,1717,4028
23.700,2116,1717,4028
23.720,2113,1707,3563
23.740,2113,1707,3563
23.760,2114,1719,3005
23.780,2114,1719,3005
23.800,2123,1724,4007
23.820,2123,1724,4007
23.840,2117,1718,4095
23.860,2117,1718,4095
23.880,2114,1716,4024
23.900,2114,1716,4024
23.920,2107,1711,3571
23.940,2107,1711,3571
23.960,2111,1724,3133
23.980,2111,1724,3133
24.000,2118,1722,3987
24.020,2118,1722,3987
24.040,2115,1715,4095
24.060,2115,1715,4095
24.080,2120,1710,3976
24.100,2120,1710,3976
24.120,2117,1713,3582
24.140,2117,1713,3582
24.160,2115,1718,3134
24.180,2115,1718,3134
24.200,2118,1715,4027
24.220,2118,1715,4027
24.240,2121,1720,4095
24.260,2121,1720,4095
24.280,2116,1710,4007
24.300,2114,1715,3543
24.320,2114,1715,3543
24.340,2109,1717,3183
24.360,2109,1717,3183
24.380,2117,1719,4011
24.400,2112,1719,4095
24.420,2112,1719,4095
